Workbook

Sheet HOME
V28: 46163

Sheet 합금1
B2: Alloy1 Machine List
B3: NO | C3: Name | D3: Model | E3: No. | F3: Year | G3: Serial No. | H3: Gal Item No. | I3: No.2 | J3: WCN | K3: PPC | L3: Main Supply | M3: Remark1 | N3: PLC | O3: Model | P3: HMI | Q3: Model | R3: Automation | S3: Robot | T3: Model | U3: Controller | V3: Remark2
B4: 1 | C4: Dorst Mechanical Press | D4: 6t | E4: 12 | F4: 1991 | G4: 109895/1 | H4: 9001590 | I4: 5 | N4: Bachmann | O4: IPM1400 | P4: Bachmann | R4: - | S4: -
B5: 2 | C5: Dorst Hydraulic Press | D5: TPA15HS | E5: =HYPERLINK("#H2!A1","02") -> 02 | F5: 2004 | G5: 300072 | H5: 9002763 | I5: 2 | N5: Bachmann | O5: IPM1400 | P5: Bachmann | R5: Shafir | S5: Fanuc | T5: A-520iA | U5: R-J3
B6: 3 | E6: =HYPERLINK("#H3!A1","03") -> 03 | F6: 2005 | G6: 300227 | H6: 9002763 | I6: 3 | N6: Bachmann | O6: IPM1400 | P6: Bachmann | R6: Shafir | S6: Fanuc | T6: A-520iA | U6: R-J3
B7: 4 | E7: =HYPERLINK("#H5!A1","05") -> 05 | F7: 2005 | G7: 300481 | H7: 9002763 | I7: 5 | N7: Bachmann | O7: IPM1400 | P7: Bachmann | R7: Shafir | S7: Fanuc | T7: A-520iA | U7: R-J3 | AA7: Press | AI7: Sinter | AM7: Sand
B8: 5 | E8: =HYPERLINK("#H6!A1","06") -> 06 | F8: 2005 | G8: 300482 | H8: 9002763 | I8: 6 | N8: Bachmann | O8: IPM1400 | P8: Bachmann | R8: Shafir | S8: Fanuc | T8: A-520iA | U8: R-J3 | AC8: Iscar 32t | AI8: TiN Spread | AJ8: Auto Brush | AM8: Nicolis #10 | AN8: Nicolis #9
B9: 6 | E9: =HYPERLINK("#H7!A1","07") -> 07 | F9: 2005 | G9: 300483 | H9: 9002763 | I9: 7 | N9: Bachmann | O9: IPM1400 | P9: Bachmann | R9: Shafir | S9: Fanuc | T9: A-520iA | U9: R-J3 | AC9: Iscar 12t | AI9: TiN Spread | AK9: HIP#3 | AM9: ISCAR S/B #8 | AN9: ISCAR S/B #1
B10: 7 | E10: =HYPERLINK("#H8!A1","08") -> 08 | F10: 2005 | G10: 300485 | H10: 9002763 | I10: 8 | N10: Bachmann | O10: IPM1400 | P10: Bachmann | R10: Shafir | S10: Fanuc | T10: A-520iA | U10: R-J2 | AI10: Loading | AK10: BATCH#3 | AM10: ISCAR S/B #7 | AN10: ISCAR S/B #2
B11: 8 | E11: 10 | F11: 2005 | G11: 300229 | H11: 9002763 | I11: 10 | N11: Bachmann | O11: IPM1400 | P11: Bachmann | R11: Shafir | S11: Fanuc | T11: A-520iA | U11: R-J3 | AB11: 35T | AC11: OW HM320 | AI11: Loading | AM11: ISCAR S/B #6 | AN11: ISCAR S/B #4
B12: 9 | E12: 11 | F12: 2005 | G12: 300230 | H12: 9002763 | I12: 11 | N12: Bachmann | O12: IPM1400 | P12: Bachmann | R12: Shafir | S12: Fanuc | T12: A-520iA | U12: R-J3 | AB12: ALPHA | AC12: OW SC640 | AK12: HIP#2 | AM12: ISCAR S/B #3 | AN12: Nicolis #11
B13: 10 | E13: 12 | F13: 2005 | G13: 300231 | H13: 9002763 | I13: 12 | N13: Bachmann | O13: IPM1400 | P13: Bachmann | R13: Shafir | S13: Fanuc | T13: A-520iA | U13: R-J3 | AK13: HIP#1 | AM13: ISCAR S/B #5
B14: 11 | E14: 13 | F14: 2010 | G14: 301964 | H14: 9002763 | I14: 14 | N14: Bachmann | O14: IPM1400 | P14: Bachmann | R14: Shafir | S14: Fanuc | T14: A-520iA | U14: R-J3 | AC14: 6T#12 | AG14: HYD#12 | AK14: BATCH#2
B15: 12 | E15: 14 | F15: 2010 | G15: 301965 | H15: 9002763 | I15: 15 | N15: Bachmann | O15: IPM1400 | P15: Bachmann | R15: Shafir | S15: Fanuc | T15: A-520iA | U15: R-J3 | AA15: EP#5 | AC15: HYD#17 | AE15: HYD#10 | AG15: HYD#11 | AJ15: Auto loading | AK15: BATCH#1
B16: 13 | E16: 15 | F16: 2010 | G16: 301966 | H16: 9002763 | I16: 16 | N16: Bachmann | O16: IPM1400 | P16: Bachmann | R16: Shafir | S16: Fanuc | T16: A-520iA | U16: R-J3 | AA16: EP#4 | AC16: HYD#16 | AE16: HYD#8 | AG16: HYD#2
B17: 14 | E17: 16 | F17: 2010 | G17: 301967 | H17: 9002763 | I17: 17 | N17: Bachmann | O17: IPM1400 | P17: Bachmann | R17: Shafir | S17: Fanuc | T17: A-520iA | U17: R-J3 | AA17: EP#3 | AC17: HYD#15 | AE17: HYD#7 | AG17: HYD#3
B18: 15 | E18: 17 | F18: 2010 | G18: 301968 | H18: 9002763 | I18: 18 | N18: Bachmann | O18: IPM1400 | P18: Bachmann | R18: Shafir | S18: Fanuc | T18: A-520iA | U18: R-J3 | AA18: EP#2 | AC18: HYD#14 | AE18: HYD#6 | AG18: OW SP160 #2
B19: 16 | C19: Dorst Electical Press | D19: EP15 | E19: 1 | F19: 2013 | G19: 302835 | H19: 9006020 | I19: 1 | N19: Bachmann | O19: IPM1400 | P19: Bachmann | Q19: DF915DKT | R19: Shafir | S19: Fanuc | T19: LR Mate 200iC | U19: R-30iA | AA19: EP#1 | AC19: HYD#13 | AE19: HYD#5 | AG19: OW SP160 #1
B20: 17 | E20: 2 | F20: 2012 | G20: 302526 | H20: 9006020 | I20: 2 | N20: Bachmann | O20: IPM1400 | P20: Bachmann | Q20: DF915DKT | R20: Shafir | S20: Fanuc | T20: LR Mate 200iC | U20: R-30iA
B21: 18 | E21: 3 | F21: 2012 | G21: 302529 | H21: 9006020 | I21: 3 | N21: Bachmann | O21: IPM1400 | P21: Bachmann | Q21: DF915DKT | R21: Shafir | S21: Fanuc | T21: LR Mate 200iC | U21: R-30iA
B22: 19 | E22: 4 | F22: 2012 | G22: 302527 | H22: 9006020 | I22: 4 | N22: Bachmann | O22: IPM1400 | P22: Bachmann | Q22: DF915DKT | R22: Shafir | S22: Fanuc | T22: LR Mate 200iC | U22: R-30iA
B23: 20 | E23: 5 | F23: 2012 | G23: 302528 | H23: 9006020 | I23: 5 | N23: Bachmann | O23: IPM1400 | P23: Bachmann | Q23: DF915DKT | R23: Shafir | S23: Fanuc | T23: LR Mate 200iC | U23: R-30iA
B24: 21 | C24: Osterwalder Press | D24: SP160 | E24: 1 | F24: 2024 | G24: MN6056 | H24: 9006113 | I24: 11 | R24: Shafir | S24: Fanuc | T24: LR Mate 200iD 7L
B25: 22 | D25: SP160 | E25: 2 | F25: 2024 | G25: MN6057 | H25: 9006113 | I25: 12 | R25: Shafir | S25: Fanuc | T25: LR Mate 200iD 7L
B26: 23 | D26: HM320 | E26: 1 | F26: 2024 | G26: MN6156 | H26: 9008196 | I26: 1 | R26: Raon | S26: Fanuc | V26: 2024.12월 설치 예정
B27: 24 | D27: SC640 | E27: 1 | F27: 2024 | G27: MN6121 | H27: 9008195 | I27: 1 | R27: Osterwalder | S27: Cartesian
B28: 25 | C28: ISCAR 12t Press | D28: 12 ton | E28: 1 | F28: 2012 | G28: - | H28: 9007079 | I28: 1 | N28: PC | O28: - | P28: PC | Q28: - | R28: Iscar | S28: Fanuc | T28: A-520iA | U28: R-J3
B29: 26 | C29: ISCAR EP 32t Press | D29: 32 ton | E29: 1 | F29: 2017 | G29: - | H29: 9000551 | I29: 1 | N29: Beckhoff | O29: C6920-0040 | P29: Beckhoff | Q29: CP6822-0111 | R29: Iscar | S29: Fanuc +Toshiba | T29: LR Mate 200iD +TH850A | U29: Fanuc R-30iB +TS-3100
B30: 27 | C30: Mech. 35t Press | D30: 35 ton | E30: 1 | F30: 1977 | G30: 80882 | H30: 9003378 | I30: 1
B31: 28 | C31: Alpha Press | D31: 40 ton | E31: 1 | F31: 1977 | G31: 40299 | H31: 6185575 | I31: 1
B32: 29 | C32: Cont. F'ce | D32: CHRVF-150T | E32: 1 | F32: 1990 | G32: D-130-688 | H32: 9003390 | I32: 1 | L32: 440v
B33: 30 | D33: CHRVF-150T | E33: 2 | F33: 1994 | G33: D-293-858 | H33: 9003390 | I33: 2
B34: 31 | D34: IVGC-3C-500PT | E34: 3 | F34: 2005 | G34: F-303-317 | H34: 9003691 | I34: 1
B35: 32 | C35: PVA Sinter HIP | D35: COD733RL | E35: 1 | F35: 2020 | G35: COD0100111 | H35: 9002489 | I35: 9 | L35: 380v | N35: Siemens | O35: S7-1500 | P35: Siemens | Q35: -
B36: 33 | E36: 2 | F36: 2008 | G36: PWC010414 | H36: 9002489 | I36: 2 | O36: S7-400 | P36: Intouch | Q36: -
B37: 34 | E37: 3 | F37: 2011 | G37: COD0100012 | H37: 9002489 | I37: 6 | O37: S7-400 | P37: Intouch | Q37: -
B38: 35 | C38: Iscar Sand Deburring | D38: Old | E38: 1 | F38: 1999 | G38: 1 | H38: 9004004 | I38: 2 | L38: 220v | R38: Iscar | S38: Manz | T38: Staubli | U38: SR8 plus
B39: 36 | E39: 2 | F39: 2000 | G39: 2 | H39: 9004004 | I39: 3
B40: 37 | D40: Modify M/C (Neo Blast) | E40: 3 | F40: 2000 | G40: 3 | H40: 9004004 | I40: 4
B41: 38 | E41: 4 | F41: 1999 | G41: 4 | H41: 9004004 | I41: 5
B42: 39 | E42: 5 | F42: 1999 | G42: 5 | H42: 9004004 | I42: 6
B43: 40 | E43: 6 | F43: 2000 | G43: 6 | H43: 9004004 | I43: 7
B44: 41 | E44: 7 | F44: 2000 | G44: 7 | H44: 9004004 | I44: 8
B45: 42 | E45: 8 | F45: 1999 | G45: 8 | H45: 9004004 | I45: 9
B46: 43 | C46: Nicolis Sand | D46: TR-160 | E46: 9 | F46: 2009 | G46: 08-16160/3 | H46: 9003261 | I46: 10 | L46: 380v
B47: 44 | D47: TR 160 SPEZ | E47: 10 | F47: 2006 | G47: 06-14043/4 | H47: 9003261 | I47: 13
B48: 45 | D48: TRDA-8 | E48: 11 | F48: 1998 | G48: 10791-1 | H48: 9001292 | I48: 1
B49: 46 | C49: Auto Loading | D49: Old | E49: 3 | F49: 2006 | G49: 09003969/01 | H49: 9003873 | I49: 1 | N49: PC | O49: - | P49: PC | Q49: - | R49: Iscar | S49: Manz | T49: Staubli | U49: SR8 plus
B50: 47 | E50: 4 | F50: 2008 | G50: 09003970/04 | H50: 9003873 | I50: 2 | R50: Iscar | S50: Manz | T50: Staubli | U50: SR8 plus
B51: 48 | E51: 5 | F51: 2008 | G51: 09003970/05 | H51: 9003873 | I51: 3 | R51: Iscar | S51: Manz | T51: Staubli | U51: SR8 plus
B52: 49 | E52: 6 | F52: 2010 | G52: 252004-012 | H52: 9003873 | I52: 4 | R52: Iscar | S52: Manz | T52: Staubli | U52: SR8 plus
B53: 50 | E53: 7 | F53: 2010 | G53: 252004-004 | H53: 9003873 | I53: 5 | R53: Iscar | S53: Manz | T53: Staubli | U53: SR8 plus
B54: 51 | D54: New | E54: 8 | F54: 2021 | G54: 9007743/03 | H54: 9010004 | I54: 1 | R54: Iscar | S54: Toshiba | T54: TH850A
B55: 52 | E55: 9 | F55: 2021 | G55: 9007743/04 | H55: 9010004 | I55: 2 | R55: Iscar | S55: Toshiba | T55: TH850A
B56: 53 | C56: TiN Spread | D56: Tray Packing | E56: 1 | F56: 2013 | G56: SR1207-A-352 | H56: 9006494 | I56: 2 | N56: Mitsubishi | O56: Q series | P56: M2I | Q56: XTOP10TW-UD
B57: 54 | D57: New Tray Packing | E57: 2 | F57: 2019 | G57: - | H57: 9006494 | I57: 3 | O57: Q series | P57: LS | Q57: IXP2-1000A
B58: 55 | C58: Auto Brush | D58: - | E58: 1 | F58: - | H58: - | I58: - | O58: FX series | P58: LS | Q58: EX40-TTE1DC
A77: i
H82: 9003763

Sheet 합금2
B2: Alloy2 Machine List
B3: NO | C3: Name | D3: Model | E3: No. | F3: Year | G3: Serial No. | H3: Gal Item No. | I3: No.2 | J3: WCN | K3: PPC | L3: Main Supply | M3: Remark1 | N3: PLC | O3: Model | P3: HMI | Q3: Model | R3: Automation | S3: Robot | T3: Model | U3: Controller | V3: Remark2
B4: 1 | C4: Kobayashi Press | D4: DX2-10ADT | E4: 1 | F4: 2011 | G4: MC1101-06 | H4: 9005709 | I4: 1 | L4: 220V | R4: Shafir | S4: Toshiba | T4: TH850A
B5: 2 | E5: 2 | F5: 2011 | G5: MC1101-07 | H5: 9005709 | I5: 2 | L5: 220V | R5: Shafir | S5: Toshiba | T5: TH850A
B6: 3 | E6: 3 | F6: 2011 | G6: MC1101-10 | H6: 9005709 | I6: 3 | L6: 220V | R6: Shafir | S6: Toshiba | T6: TH850A
B7: 4 | E7: 4 | F7: 2011 | G7: MC1101-04 | H7: 9005709 | I7: 4 | L7: 220V | R7: Shafir | S7: Toshiba | T7: TH850A | AA7: 합금2
B8: 5 | E8: 5 | F8: 2011 | G8: MC1101-09 | H8: 9005709 | I8: 5 | L8: 220V | R8: Shafir | S8: Toshiba | T8: TH850A | AA8: Koba #1 | AB8: Koba #2 | AC8: Koba #3 | AD8: Koba #4 | AE8: Koba #5
B9: 6 | E9: 6 | F9: 2011 | G9: MC1101-03 | H9: 9005709 | I9: 6 | L9: 220V | R9: Shafir | S9: Toshiba | T9: TH850A | AA9: Koba #6 | AB9: Koba #7 | AC9: Koba #8 | AD9: Koba #9 | AE9: Koba #10 | AH9: SinterHIP#1 | AJ9: SinterHIP#2
B10: 7 | E10: 7 | F10: 2011 | G10: MC1101-05 | H10: 9005709 | I10: 7 | L10: 220V | R10: Shafir | S10: Toshiba | T10: TH850A | AA10: Koba #11 | AB10: Koba #12 | AC10: Koba #13 | AD10: Koba #14 | AE10: Koba #15
B11: 8 | E11: 8 | F11: 2011 | G11: MC1101-01 | H11: 9005709 | I11: 8 | L11: 220V | R11: Shafir | S11: Toshiba | T11: TH850A | AG11: Loading #1 | AH11: Loading #2 (Iscar New) | AI11: Loading #3
B12: 9 | E12: 9 | F12: 2011 | G12: MC1101-02 | H12: 9005709 | I12: 9 | L12: 220V | R12: Shafir | S12: Toshiba | T12: TH850A | AB12: OW #10 | AC12: OW #7 | AD12: OW #4 | AE12: OW #1 | AJ12: SinterHIP#3
B13: 10 | E13: 10 | F13: 2011 | G13: MC1101-08 | H13: 9005709 | I13: 10 | L13: 220V | R13: Shafir | S13: Toshiba | T13: TH850A | AC13: OW #8 | AD13: OW #5 | AE13: OW #2 | AI13: HC/RMS
B14: 11 | E14: 11 | F14: 2012 | G14: MC1101-13 | H14: 9005709 | I14: 11 | L14: 220V | R14: Shafir | S14: Toshiba | T14: TH850A | AC14: OW #9 | AD14: OW #6 | AE14: OW #3 | AI14: Feed Cleaner | AJ14: TiN Spread
B15: 12 | E15: 12 | F15: 2012 | G15: MC1101-11 | H15: 9005709 | I15: 12 | L15: 220V | R15: Shafir | S15: Toshiba | T15: TH850A
B16: 13 | E16: 13 | F16: 2012 | G16: MC1101-15 | H16: 9005709 | I16: 13 | L16: 220V | R16: Shafir | S16: Toshiba | T16: TH850A
B17: 14 | E17: 14 | F17: 2012 | G17: MC1101-12 | H17: 9005709 | I17: 14 | L17: 220V | R17: Shafir | S17: Toshiba | T17: TH850A
B18: 15 | E18: 15 | F18: 2012 | G18: MC1101-14 | H18: 9005709 | I18: 15 | L18: 220V | R18: Shafir | S18: Toshiba | T18: TH850A
B19: 16 | C19: Osterwalder Press | D19: SP160 | E19: 1 | F19: 2021 | G19: MN5880 | H19: 9006113 | I19: 1 | R19: Shafir | S19: Fanuc | T19: LR Mate 200iD 7L
B20: 17 | E20: 2 | F20: 2021 | G20: MN5885 | H20: 9006113 | I20: 2 | R20: Shafir | S20: Fanuc | T20: LR Mate 200iD 7L
B21: 18 | E21: 3 | F21: 2021 | G21: MN5920 | H21: 9006113 | I21: 3 | R21: Shafir | S21: Fanuc | T21: LR Mate 200iD 7L
B22: 19 | E22: 4 | F22: 2021 | G22: MN5882 | H22: 9006113 | I22: 4 | R22: Shafir | S22: Fanuc | T22: LR Mate 200iD 7L
B23: 20 | E23: 5 | F23: 2021 | G23: MN5918 | H23: 9006113 | I23: 5 | R23: Shafir | S23: Fanuc | T23: LR Mate 200iD 7L
B24: 21 | E24: 6 | F24: 2021 | G24: MN5921 | H24: 9006113 | I24: 6 | R24: Shafir | S24: Fanuc | T24: LR Mate 200iD 7L | V24: Pallet Issue
B25: 22 | E25: 7 | F25: 2021 | G25: MN5884 | H25: 9006113 | I25: 7 | R25: Shafir | S25: Fanuc | T25: LR Mate 200iD 7L
B26: 23 | E26: 8 | F26: 2021 | G26: MN5919 | H26: 9006113 | I26: 8 | R26: Shafir | S26: Fanuc | T26: LR Mate 200iD 7L
B27: 24 | E27: 9 | F27: 2021 | G27: MN5922 | H27: 9006113 | I27: 9 | R27: Shafir | S27: Fanuc | T27: LR Mate 200iD 7L
B28: 25 | E28: 10 | F28: 2021 | G28: MN5879 | H28: 9006113 | I28: 10 | R28: Shafir | S28: Fanuc | T28: LR Mate 200iD 7L
B29: 26 | C29: PVA Sinter HIP | D29: COD733RL | E29: 1 | F29: 2011 | G29: COD0100030 | H29: 9002489 | I29: 4
B30: 27 | E30: 2 | F30: 2012 | G30: COD0100031 | H30: 9002489 | I30: 3
B31: 28 | E31: 3 | F31: 2012 | G31: COD0100040 | H31: 9002489 | I31: 5
B32: 29 | C32: Auto Loading | D32: ISCAR (Manz) | E32: 1 | F32: 2009 | G32: 9005464-02 | H32: 9001904 | I32: 2 | R32: Iscar | S32: Manz | T32: Staubli
B33: 30 | D33: Old | E33: 2 | F33: 2009 | G33: 9005464-01 | H33: 9001904 | I33: 3 | L33: 2024 폐기
B34: 30 | D34: ISCAR (Fanuc) | E34: 2 | F34: 2021 | G34: 9007743-02 | H34: 9010004 | I34: 3 | R34: Iscar | S34: Fanuc
B35: 31 | D35: 성림비전 | E35: 3 | F35: 2024 | G35: SUMT-24-01 | I35: 1 | R35: 성림비전 | S35: Cartesian | T35: -
B36: 32 | C36: Feeder Cleaner | D36: Auto Cleaner | E36: 1 | F36: 2013 | G36: - | H36: 6188538 | I36: 1
B37: 33 | C37: TiN Spread | D37: Tray Packing | E37: 1 | F37: 2011 | G37: 10100040 | H37: 9005794 | I37: 1
B38: 34 | D38: Tray Packing | E38: 2 | F38: 2024 | M38: 24/11/27 입고. 하이테크
H83: 9003763
U97: #13~#17

Sheet 금형1
B2: Die1 Machine List
B3: NO | C3: Name | D3: Model | E3: No. | F3: Year | G3: Serial No. | H3: Gal Item No. | I3: No.2 | J3: WCN | K3: PPC | L3: Main Supply | M3: Remark1 | N3: PLC | O3: Model | P3: HMI | Q3: Model | R3: Fire Ext.
B4: 1 | C4: Makino Milling | D4: V22 | E4: 1 | F4: 2005 | G4: 236 | H4: 9005275 | I4: 1 | L4: 220V | Q4: 310is-A5
B5: 2 | E5: 2 | F5: 2006 | G5: 364 | H5: 9005275 | I5: 2 | L5: 220V
B6: 3 | E6: 3 | F6: 2006 | G6: 363 | H6: 9005275 | I6: 3 | L6: 220V
B7: 4 | E7: 4 | F7: 2008 | G7: 484 | H7: 9003789 | I7: 1 | L7: 220V
B8: 5 | E8: 5 | F8: 2010 | G8: 569 | H8: 9005275 | I8: 4 | L8: 220V | Q8: 31is-A5
B9: 6 | D9: MS30 | E9: 1 | F9: 1998 | G9: A93-041 | H9: 6198321 | I9: 1 | L9: 220V
B10: 7 | C10: Roders Milling | D10: RXP501DSC | E10: 1 | F10: 2024 | G10: 16385-211 | H10: 9008088 | I10: 1 | L10: 220V | AA10: 금형1
B11: 8 | C11: GF EDM | D11: EDM350 | E11: 1 | F11: 2006 | G11: 642543 | H11: 9003822 | I11: 1 | L11: 380V | Q11: 180i-MB | AA11: Brazing M/C | AD11: Aero Lap#1 | AF11: Band Saw
B12: 9 | E12: 2 | F12: 2006 | G12: 642542 | H12: 9003822 | I12: 2 | L12: 380V | AA12: Profile PGX #1 | AC12: Profile G/R#1 | AD12: Surface G/R#1 | AE12: Tool G/R#1 | AF12: 화천 #1
B13: 10 | E13: 3 | F13: 2005 | G13: 642237 | H13: 9003822 | I13: 3 | L13: 380V
B14: 11 | E14: 4 | F14: 2005 | G14: 642408 | H14: 9003822 | I14: 4 | L14: 380V | AA14: Rotating L/P#1 | AB14: Brazing M/C#1 | AD14: Amada | AF14: MS30#1
B15: 12 | E15: 5 | F15: 2011 | G15: 281 | H15: 9005778 | I15: 1 | L15: 380V | AA15: Extrude Hone#1 | AF15: V22#5
B16: 13 | D16: EDM35P | E16: 1 | F16: 2004 | G16: 641549 | H16: 9003504 | I16: 1 | L16: 380V | AD16: EDM#4 | AF16: V22#4
B17: 14 | C17: GF Wire cutting | D17: 240CC | E17: 3 | F17: 2006 | G17: 921494 | H17: 9003995 | I17: 1 | L17: 380V | Q17: 180i-w | AD17: EDM#3 | AF17: V22#3
B18: 15 | E18: 4 | F18: 2008 | G18: 921812 | H18: 9003995 | I18: 2 | L18: 380V | AA18: Wire #2 | AB18: 240CC#1 | AD18: EDM#2 | AF18: V22#2
B19: 16 | C19: Brazing machine | D19: KHF-30 | E19: 1 | F19: 1998 | H19: 9006171 | I19: 3 | L19: 220V | AA19: Wire #1 | AB19: 240CC#2 | AD19: EDM#1 | AF19: V22#1
B20: 17 | C20: 화천선반 | D20: WHPL380X750 | E20: 1 | F20: 2000 | G20: 213039 | H20: 6193045 | I20: 1 | L20: 220V | AD20: EDM35P#1 | AF20: Roders
B21: 18 | C21: Tool Grinder | D21: C-40 | E21: 1 | F21: 1998 | G21: 100974 | H21: 9005524 | I21: 1 | L21: 220V | AD21: EDM#5 (SP)
B22: 19 | C22: 평면연삭기 | D22: YGS 50A | E22: 1 | F22: 2006 | G22: 5060721 | H22: 9003403 | I22: 1 | L22: 220V
B23: 20 | C23: Profile | D23: PGX-2000S | E23: 1 | F23: 1988 | G23: 704 | H23: 6183510 | I23: 1 | L23: 220V
B24: 21 | C24: AMAGA Profile | D24: DPG-150 | E24: 1 | F24: 2024 | G24: 1150067 | H24: 9008237 | I24: 1
B25: 22 | C25: Aero lap | D25: YT-300 | E25: 1 | F25: 2003 | G25: - | H25: 9005509 | I25: 1 | L25: 1P 110V
B26: 23 | C26: Extrude hone | D26: 77c | E26: 1 | F26: 1998 | G26: - | H26: - | I26: - | L26: 380V | V26: 2023
B27: 24 | C27: Band saw | D27: HVS50 | E27: 1 | F27: 1995 | G27: - | H27: 6320179 | I27: 1 | L27: 220V
B28: 25 | C28: Rotating L/P | D28: 돌돌이 | E28: 1 | F28: 2002 | G28: - | H28: - | I28: - | L28: 220V
H82: 9003763
M96: #13~#17

Sheet 금형2
B2: Die2 Machine List
B3: NO | C3: Name | D3: Model | E3: No. | F3: Year | G3: Serial No. | H3: Gal Item No. | I3: No.2 | J3: WCN | K3: PPC | L3: Main Supply | M3: Remark1 | N3: PLC | O3: Model | P3: HMI | Q3: Model | R3: Fire Ext. | AA3: 금형2
B4: 1 | C4: Makino Milling | D4: V22 | E4: 1 | F4: 2012 | G4: 606 | H4: 9005275 | I4: 5 | AA4: Blast | AB4: Wire#1 | AC4: Makino#1
B5: 2 | E5: 2 | F5: 2012 | G5: 607 | H5: 9005275 | I5: 6 | AA5: Youil | AB5: Wire#2 | AC5: Makino#2
B6: 3 | C6: GF EDM | D6: EDM350 | E6: 1 | F6: 2012 | G6: 0329 | H6: 9006152 | I6: 1 | AA6: Brazing | AB6: EDM#1 | AC6: Roders
B7: 4 | E7: 2 | F7: 2012 | G7: 0330 | H7: 9006152 | I7: 2 | AB7: EDM#2
B8: 5 | C8: GF Wire cutting | D8: 240CC | E8: 1 | F8: 2012 | G8: 0072 | H8: 9006158 | I8: 1
B9: 6 | E9: 2 | F9: 2012 | G9: 0071 | H9: 9006158 | I9: 2
B10: 7 | C10: Roders Milling | D10: RXP501DSC | E10: 1 | F10: 2024 | G10: 16385-211 | H10: 9008088 | I10: 2 | L10: 400V 22kVA
B11: 8 | C11: Brazing Sehyang | D11: Brazing 2541 | E11: 1 | F11: 2012 | G11: SHK030K-220-10 | H11: 9006171 | I11: 2
B12: 9 | C12: Youil Grinding | D12: YGS-50A | E12: 1 | F12: 2012 | G12: 50120104 | H12: 9006002 | I12: 1
B13: 10 | C13: BLASTING MACHINE | D13: YT-300 | E13: 1 | F13: 2012 | G13: 0273 | H13: 9004435 | I13: 1
H83: 9003763
M97: #13~#17

Sheet 연삭1
B2: Grinding1 Machine List
B3: NO | C3: Name | D3: Model | E3: No. | F3: Year | G3: Serial No. | H3: Gal Item No. | I3: No.2 | J3: WCN | K3: PPC | L3: Main Supply | M3: Remark1 | N3: PLC | O3: Model | P3: HMI | Q3: Model | R3: Automation | S3: Robot | T3: Model | U3: Controller | V3: Remark2 | W3: Fire Ext.
B4: 1 | C4: Wendt WAC735 | D4: Scalar | E4: 1 | F4: 2004 | G4: 851190902A | H4: 9003194 | I4: 1 | N4: Bosch | O4: IndraMotion MTX | P4: Rexroth | Q4: BTV16 | R4: Wendt | S4: Adept | T4: Cobra 600 | U4: CIP2 RA4 | W4: K&B
B5: 2 | E5: 2 | F5: 2004 | G5: 851190901A | H5: 9003194 | I5: 2 | W5: K&B
B6: 3 | E6: 3 | F6: 2004 | G6: 851190903A | H6: 9003194 | I6: 3 | Q6: P16 | W6: K&B
B7: 4 | E7: 4 | F7: 2004 | G7: 851190904A | H7: 9003194 | I7: 4 | Q7: BTV16 | W7: K&B
B8: 5 | E8: 5 | F8: 2004 | G8: 851190905A | H8: 9003194 | I8: 5 | W8: K&B
B9: 6 | E9: 6 | F9: 2004 | G9: 851190906A | H9: 9003194 | I9: 6 | T9: Cobra S600 | U9: Smart Controller CX (P/N: 20000-310) 장비 PLC Rexroth = I/O Card 포함 | W9: K&B
B10: 7 | E10: 7 | F10: 2004 | G10: 851191107A | H10: 9003194 | I10: 7 | W10: K&B
B11: 8 | E11: 8 | F11: 2004 | G11: 851191108A | H11: 9003194 | I11: 8 | W11: K&B
B12: 9 | E12: 9 | F12: 2004 | G12: 851191202A | H12: 9003194 | I12: 9 | Q12: P16 | W12: K&B
B13: 10 | E13: 10 | F13: 2004 | G13: 851191201A | H13: 9003194 | I13: 10 | Q13: BTV16 | W13: K&B
B14: 11 | E14: 11 | F14: 2005 | G14: 851191207A | H14: 9003194 | I14: 11 | W14: K&B
B15: 12 | E15: 12 | F15: 2005 | G15: 851191208A | H15: 9003194 | I15: 12 | W15: K&B
B16: 13 | E16: 13 | F16: 2005 | G16: 851151604A | H16: 9003194 | I16: 13 | W16: K&B
B17: 14 | E17: 14 | F17: 2005 | G17: 851151605A | H17: 9003194 | I17: 14 | W17: K&B
B18: 15 | E18: 15 | F18: 2005 | G18: 851151606A | H18: 9003194 | I18: 15 | W18: K&B
B19: 16 | E19: 16 | F19: 2005 | G19: 851151609X | H19: 9003194 | I19: 16 | W19: K&B
B20: 17 | E20: 17 | F20: 2005 | G20: 851151607X | H20: 9003194 | I20: 17 | W20: K&B
B21: 18 | E21: 19 | F21: 2006 | G21: 851152201A | H21: 9003194 | I21: 19 | N21: Rexroth | Q21: VDP16 | W21: K&B
B22: 19 | E22: 20 | F22: 2006 | G22: 851152202A | H22: 9003194 | I22: 20 | W22: K&B
B23: 20 | E23: 21 | F23: 2007 | G23: 851152204A | H23: 9003194 | I23: 21 | W23: K&B
B24: 21 | E24: 22 | F24: 2007 | G24: 851152205A | H24: 9003194 | I24: 22 | W24: K&B
B25: 22 | E25: 23 | F25: 2005 | G25: 851151602A | H25: 9003194 | I25: 23 | N25: Bosch | Q25: BTV16 | W25: K&B
B26: 23 | E26: 24 | F26: 2005 | G26: 851151603A | H26: 9003194 | I26: 24 | W26: K&B
B27: 24 | E27: 29 | F27: 2007 | G27: 851152203T | H27: 9003194 | I27: 31 | N27: Rexroth | Q27: VDP16 | W27: K&B
B28: 25 | D28: Quattro | E28: 25 | F28: 2010 | G28: 851422706A | H28: 9003194 | I28: 29 | W28: K&B
B29: 26 | E29: 27 | F29: 2010 | G29: 851422711T | H29: 9003194 | I29: 28 | W29: K&B
B30: 27 | E30: 28 | F30: 2010 | G30: 851422702A | H30: 9003194 | I30: 30 | W30: K&B
B31: 28 | D31: Centro | E31: 1 | F31: 2006 | G31: 851141907A | H31: 9003277 | I31: 1 | N31: Rexroth | Q31: IndraControlV | T31: Cobra S800 | W31: K&B
B32: 29 | E32: 2 | F32: 2012 | G32: 851143016A | H32: 9003277 | I32: 2 | N32: Bosch | Q32: BTV16 | W32: K&B | AA32: 연삭 Grinding
B33: 30 | E33: 3 | F33: 2016 | G33: 851144303A | H33: 9003277 | I33: 3 | N33: Rexroth | Q33: IndraControlV | W33: K&B | AA33: Laser marking (EL) | AF33: Okano #4 | AG33: Okano #3 | AH33: Okano #2 | AI33: Okano #1
B34: 31 | E34: 4 | F34: 2016 | G34: 851144304A | H34: 9003277 | I34: 4 | W34: K&B | AF34: Zoller
B35: 32 | E35: 5 | F35: 2012 | G35: 851143012X | H35: 9003277 | I35: 5 | W35: K&B | AA35: Zoller (New)
B36: 33 | C36: Wendt WBM | D36: 271RF | E36: 7 | F36: 2006 | G36: 855010403A | H36: 9002212 | I36: 3 | N36: Siemens | O36: 840DI | P36: Siemens | Q36: PCU 50.3-C | T36: Cobra S600 (Dual) | W36: K&B | AA36: Centro#1 | AB36: Centro#2 | AC36: Centro#3 | AD36: Centro#4 | AF36: Quattro#27 | AG36: Quattro#25 | AH36: Combi#17
B37: 34 | E37: 8 | F37: 2010 | G37: 855010601A | H37: 9002212 | I37: 4 | N37: Siemens | O37: 840DI | P37: Siemens | Q37: PCU 50.3-C | W37: K&B
B38: 35 | C38: Waida | D38: APX105 | E38: 1 | F38: 2024 | G38: 264 | H38: 9000428 | I38: 14 | R38: Waida | S38: Yamaha | T38: YK800XGP | U38: RCX320+RCX340 | W38: K&B | AA38: Combi#16 | AB38: Combi#15 | AC38: Combi#14 | AD38: Combi#13 | AF38: Combi#19 | AG38: Combi#20 | AH38: Quattro#28
B39: 36 | E39: 2 | F39: 2024 | G39: 265 | H39: 9000428 | I39: 15 | R39: Waida | S39: Yamaha | T39: YK800XGP | U39: RCX320+RCX340 | W39: K&B | AA39: Combi#12 | AB39: Combi#11 | AC39: Combi#10 | AD39: Combi#9 | AF39: Combi#29 | AG39: Agathon Penta | AH39: Centro #5
A40: ㅑ | B40: 37 | E40: 3 | F40: 2024 | G40: 266 | H40: 9000428 | I40: 16 | R40: Waida | S40: Yamaha | T40: YK800XGP | U40: RCX320+RCX340 | W40: K&B
B41: 38 | E41: 4 | F41: 2024 | G41: 269 | H41: 9000428 | I41: 19 | R41: Waida | S41: Yamaha | T41: YK800XGP | U41: RCX320+RCX340 | W41: K&B | AA41: Combi#8 | AB41: Combi#6 | AC41: Combi#5 | AD41: Combi#4 | AF41: AP460E#6 | AG41: AP460E#5 | AH41: AP30#1
B42: 39 | E42: 5 | F42: 2024 | G42: 270 | H42: 9000428 | I42: 20 | R42: Waida | S42: Yamaha | T42: YK800XGP | U42: RCX320+RCX340 | W42: K&B | AA42: Combi#7 | AB42: Combi#3 | AC42: Combi#2 | AD42: Combi#1 | AF42: AP460#4 | AG42: AP460#3 | AH42: AP460#2 | AI42: AP460#1
B43: 40 | D43: AP460 | E43: 1 | F43: 2007 | G43: 279 | H43: 9006135 | I43: 3 | N43: Yaskawa Siemens | O43: 840DI | P43: Yaskawa Siemens | Q43: OP010FS | R43: Waida | S43: IAI | T43: Cartesian | U43: XSEL-K -3-100IL-100IBL- 100IL-PR-EEE-0-2-SP | W43: K&B
B44: 41 | E44: 2 | F44: 2007 | G44: 283 | H44: 9006135 | I44: 4 | N44: Yaskawa Siemens | O44: 840DI | P44: Yaskawa Siemens | Q44: OP010FS | R44: Waida | S44: IAI | T44: Cartesian | U44: XSEL-K -3-100IL-100IBL- 100IL-PR-EEE-0-2-SP | W44: K&B | AA44: Combi#24 | AB44: Combi#23 | AC44: Combi#22 | AD44: Combi#21 | AF44: GIG#3 | AG44: GIG#4 | AH44: GIG#5
B45: 42 | E45: 3 | F45: 2007 | G45: 275 | H45: 9006135 | I45: 5 | N45: Yaskawa Siemens | O45: 840DI | P45: Yaskawa Siemens | Q45: OP010FS | R45: Waida | S45: IAI | T45: Cartesian | U45: XSEL-K -3-100IL-100IBL- 100IL-PR-EEE-0-2-SP | W45: K&B | AG45: GIG#2
B46: 43 | E46: 4 | F46: 2007 | G46: 284 | H46: 9006135 | I46: 6 | N46: Yaskawa Siemens | O46: 840DI | P46: Yaskawa Siemens | Q46: OP010FS | R46: Waida | S46: IAI | T46: Cartesian | U46: XSEL-K -3-100IL-100IBL- 100IL-PR-EEE-0-2-SP | W46: K&B | AA46: 271RF#7 | AB46: APX105 #3 | AC46: APX105 #2 | AD46: APX105 #1 | AG46: AMADA
B47: 44 | E47: 5 | F47: 2007 | G47: 280 | H47: 9006135 | I47: 1 | N47: Yaskawa Siemens | O47: 840DI | P47: Yaskawa Siemens | Q47: OP010FS | R47: Waida | S47: IAI | T47: Cartesian | U47: XSEL-K -3-100IL-100IBL- 100IL-PR-EEE-0-2-SP | W47: K&B | AB47: 271RF#8 | AC47: APX105 #5 | AD47: APX105 #4 | AF47: DLM #2 | AG47: DLM #3 | AH47: DLM #4
B48: 45 | E48: 6 | F48: 2007 | G48: 285 | H48: 9006135 | I48: 2 | R48: Waida | S48: IAI | T48: Cartesian | U48: XSEL-K -3-100IL-100IBL- 100IL-PR-EEE-0-2-SP | W48: K&B
B49: 46 | D49: AP30 | E49: 1 | F49: 2004 | G49: 157 | H49: 9006234 | I49: 1 | P49: Fanuc | Q49: 16-M | R49: Waida | S49: IAI | T49: Cartesian | U49: SEL-G-3-AC-100L-100BL0-100L-1 | W49: K&B | AB49: DURR #2 | AC49: DURR #1 | AF49: Berney | AG49: Gerber 1~2 | AH49: Ibche 1~3
B50: 47 | D50: GIG-21 | E50: 2 | F50: 2010 | G50: 258 | H50: 9003683 | I50: 2 | N50: Fanuc | O50: 180i-MB | P50: Fanuc | Q50: FS-18iMB | R50: Waida | S50: IAI | T50: IX-NNW6020-3L-T1 | U50: XSEL-QX | W50: K&B | AC50: Shafir U.C. | AG50: Wooju U.C. | AH50: Toshiba Honing
B51: 48 | E51: 3 | F51: 2011 | G51: 282 | H51: 9003683 | I51: 3 | N51: Fanuc | O51: 18i-MB | P51: Fanuc | Q51: FS-18iMB | R51: Waida | S51: IAI | T51: IX-NNW6020-3L-T1 | U51: XSEL-QX | W51: K&B
B52: 49 | E52: 4 | F52: 2011 | G52: 283 | H52: 9003683 | I52: 4 | N52: Fanuc | O52: 18i-MB | P52: Fanuc | Q52: FS-18iMB | R52: Waida | S52: IAI | T52: IX-NNW6020-3L-T1 | U52: XSEL-QX | W52: K&B | AF52: Ludia | AH52: Ludia
B53: 50 | E53: 5 | F53: 2011 | G53: 284 | H53: 9003683 | I53: 5 | N53: Fanuc | O53: 18i-MB | P53: Fanuc | Q53: FS-18iMB | R53: Waida | S53: IAI | T53: IX-NNW6020-3L-T1 | U53: XSEL-QX | W53: K&B | AB53: FUJI #13 | AC53: Fuji#2 | AD53: Fuji#3 | AE53: Fuji#4
B54: 51 | C54: Stahli | D54: DLM705 | E54: 2 | F54: 2011 | G54: 1179 | H54: 9003232 | I54: 2 | N54: Siemens | O54: ET200SP | P54: Siemens | Q54: Microbox PC 420 | R54: Shafir | S54: Adept | T54: Cobra S600 (Dual) | U54: CX Controller | W54: K&B | AB54: Nicolis#12 | AC54: Nicolis#21 | AD54: Nicolis#22 | AE54: Nicolis#16 | AG54: Ludia U.C.
B55: 52 | E55: 3 | F55: 2020 | G55: 1532 | H55: 9003232 | I55: 3 | R55: Shafir | S55: Fanuc | T55: SR-6iA (Dual) | W55: K&B
B56: 53 | E56: 4 | F56: 2020 | G56: 1531 | H56: 9003232 | I56: 4 | R56: Shafir | S56: Fanuc | T56: SR-6iA (Dual) | W56: K&B | AA56: Nicolis#17 | AB56: Nicolis#19 | AC56: Nicolis#18 | AD56: Nicolis#27 | AE56: Nicolis#15
B57: 54 | C57: Agathon | D57: Evo-penta | E57: 1 | F57: 2019 | G57: 970000156 | H57: 9000492 | I57: 1 | P57: Rexroth | Q57: VDP21 | R57: Agathon | S57: Staubli | T57: TS80 | U57: CS8C-TS80 | W57: K&B | AC57: Nicolis#26 | AD57: Nicolis#14 | AE57: Nicolis#13
B58: 55 | C58: ZOLLER GENIUS 3 | D58: Zoller | E58: 1 | F58: 2005 | G58: GEN3-00204 | H58: 9003793 | I58: 1
B59: 56 | E59: 2 | F59: 2024 | G59: MTST-00440 | H59: - | I59: -
B60: 57 | C60: Sand Honing | D60: Nicolis | E60: 2 | F60: 2005 | G60: 05-13037/2 | H60: 9003261 | I60: 3
B61: 58 | E61: 3 | F61: 2005 | G61: 05-13037/1 | H61: 9003261 | I61: 2
B62: 59 | E62: 4 | F62: 2005 | G62: 05-13037/3 | H62: 9003261 | I62: 4
B63: 60 | E63: 5 | F63: 2007 | G63: 06-14101/2 | H63: 9003261 | I63: 7
B64: 61 | E64: 6 | F64: 2007 | G64: 06-14101/1 | H64: 9003261 | I64: 5
B65: 62 | E65: 7 | F65: 2007 | G65: 06-14101/3 | H65: 9003261 | I65: 6
B66: 63 | E66: 8 | F66: 2009 | G66: 08-16160/2 | H66: 9003261 | I66: 8
B67: 64 | E67: 9 | F67: 2009 | G67: - | H67: 9003261 | I67: 9
B68: 65 | E68: 10 | F68: 2010 | G68: - | H68: 9003261 | I68: 11
B69: 66 | E69: 11 | F69: 2010 | G69: - | H69: 9003261 | I69: 12
B70: 67 | E70: 12 | F70: 2008 | G70: - | H70: 9003261 | I70: 15
B71: 68 | E71: 13 | F71: 2007 | G71: - | H71: 9003261 | I71: 16
B72: 69 | D72: Fuji | E72: 2 | F72: 2011 | G72: V000155 | H72: 9005859 | I72: 14
B73: 70 | E73: 3 | F73: 2011 | G73: V000152 | H73: 9005859 | I73: 15
B74: 71 | E74: 4 | F74: 2011 | G74: V000154 | H74: 9005859 | I74: 16
B75: 72 | E75: 13 | F75: 2014 | G75: Y000206 | H75: 9005859 | I75: 17
B76: 73 | D76: Ludia | E76: 1 | F76: 2018 | H76: 6317019 | I76: 1
B77: 74 | E77: 2 | F77: 2021 | H77: 9007956 | I77: 1
B78: 75 | D78: Ludia U.C. | E78: 1 | F78: 2021 | G78: 201105 | H78: 9007913 | I78: 1
B79: 76 | C79: DURR | D79: UNIVERSAL 81C | E79: 1 | F79: 2003 | G79: 13996 | H79: 9002458 | I79: 1 | N79: Mitsubishi | O79: FX series | P79: LS | Q79: IXP-70-TTA
B80: 77 | E80: 2 | F80: 2011 | G80: 15231 | H80: 9002458 | I80: 4 | N80: LS | O80: XGT series | P80: LS | Q80: IXP2-1000
B81: 78 | C81: Shafir Auto Cleaner | D81: - | E81: 1 | F81: 2002 | H81: 9005642 | I81: 1
B82: 79 | C82: Wooju Ultra Clenaer | D82: - | E82: 1 | F82: 2021 | H82: 9007913 | I82: 1
B83: 80 | C83: Berney Honing | D83: B72 | E83: 1 | F83: 1983 | H83: 9003763 | I83: 1
B84: 81 | C84: Gerber | D84: BP-M5 | E84: 1 | F84: 2000 | G84: 0437 | H84: 9001936 | I84: 1
B85: 82 | D85: BP-M6 | E85: 2 | F85: 2003 | G85: 8511 | H85: 9002577 | I85: 1
B86: 83 | C86: Toshiba Honing | D86: TBH-04 | E86: 1 | F86: 1993 | G86: 849300001 | H86: 9004283 | I86: 1
B87: 84 | C87: Ibche | D87: BP470 | E87: 1 | F87: - | G87: 2814 | H87: - | I87: -
B88: 85 | D88: BP570 | E88: 2 | F88: - | G88: 3053 | H88: - | I88: -
B89: 86 | D89: IBP570 | E89: 3 | F89: - | G89: 3055 | H89: - | I89: -
B90: 87 | C90: Okano Autopacking | D90: Film Packing | E90: 1 | F90: 2014 | G90: SN-1944 | H90: 9006019 | I90: 3 | N90: Cosmotech | O90: CPLM-3216N-YE | P90: PC | Q90: -
B91: 88 | E91: 2 | F91: 2018 | G91: SN-1945 | H91: 9006019 | I91: 4
B92: 89 | E92: 3 | F92: 2018 | H92: 9006019 | I92: 5
B93: 90 | E93: 4 | F93: 2018 | H93: 9006019 | I93: 6
B94: 91 | C94: Laser Marking | D94: ELsystem EFC-30V2 | E94: 1 | F94: 2023 | G94: ELPJ-2212-062 | I94: 1

Sheet 연삭2
B2: Grinding2 Machine List
B3: NO | C3: Name | D3: Model | E3: No. | F3: Year | G3: Serial No. | H3: Gal Item No. | I3: No.2 | J3: WCN | K3: PPC | L3: Main Supply | M3: Remark1 | N3: PLC | O3: Model | P3: HMI | Q3: Model | R3: Automation | S3: Robot | T3: Model | U3: Controller | V3: Remark2 | W3: Fire Ext.
B4: 1 | C4: Waida | D4: AP710 | E4: 1 | F4: 2012 | G4: 164 | H4: 9005443 | I4: 12 | R4: Waida | S4: IAI | T4: IX-NNW7020 | U4: XSEL-QX5-NNW7020-100A-PR-E-EEE-0-3-SP
B5: 2 | E5: 2 | F5: 2012 | G5: 163 | H5: 9005443 | I5: 13 | R5: Waida
B6: 3 | E6: 3 | F6: 2012 | G6: 162 | H6: 9005443 | I6: 14 | R6: Waida
B7: 4 | E7: 4 | F7: 2013 | G7: 161 | H7: 9005443 | I7: 15 | R7: Waida
B8: 5 | D8: APX103 | E8: 1 | F8: 2013 | G8: 141 | H8: 9006551 | I8: 1 | R8: Waida | S8: Yamaha | T8: YK800XGP | U8: SR1-X
B9: 6 | E9: 2 | F9: 2013 | G9: 142 | H9: 9006551 | I9: 2 | R9: Waida
B10: 7 | E10: 3 | F10: 2013 | G10: 145 | H10: 9006551 | I10: 3 | R10: Waida
B11: 8 | E11: 4 | F11: 2013 | G11: 146 | H11: 9006551 | I11: 4 | R11: Waida
B12: 9 | E12: 5 | F12: 2013 | G12: 147 | H12: 9006551 | I12: 5 | R12: Waida
B13: 10 | E13: 6 | F13: 2015 | G13: 214 | H13: 9006551 | I13: 6 | R13: Waida
B14: 11 | E14: 7 | F14: 2015 | G14: 197 | H14: 9006551 | I14: 7 | R14: Waida
B15: 12 | E15: 8 | F15: 2015 | G15: 198 | H15: 9006551 | I15: 8 | R15: Waida
B16: 13 | E16: 9 | F16: 2015 | G16: 215 | H16: 9006551 | I16: 9 | R16: Waida
B17: 14 | D17: APX105 | E17: 1 | F17: 2018 | G17: 136 | H17: 9000428 | I17: 1 | R17: Waida
B18: 15 | E18: 2 | F18: 2018 | G18: 137 | H18: 9000428 | I18: 2 | R18: Waida
B19: 16 | E19: 3 | F19: 2018 | G19: 170 | H19: 9000428 | I19: 3 | R19: Waida
B20: 17 | E20: 4 | F20: 2019 | G20: 181 | H20: 9000428 | I20: 4 | R20: Waida
B21: 18 | E21: 5 | F21: 2019 | G21: 169 | H21: 9000428 | I21: 7 | R21: Waida
B22: 19 | E22: 6 | F22: 2019 | G22: 182 | H22: 9000428 | I22: 8 | R22: Waida
B23: 20 | E23: 7 | F23: 2019 | G23: 191 | H23: 9000428 | I23: 9 | R23: Waida
B24: 21 | E24: 8 | F24: 2024 | G24: 256 | H24: 9000428 | I24: 12 | R24: Waida
B25: 22 | E25: 9 | F25: 2024 | G25: 257 | H25: 9000428 | I25: 13 | R25: Waida
B26: 23 | D26: APX-F50 | E26: 1 | F26: 2023 | G26: 122 | H26: 9008045 | I26: 1 | R26: Waida | S26: Fanuc | T26: LR Mate 200iD 7L | U26: R-30iB
B27: 24 | E27: 2 | F27: 2024 | G27: 125 | H27: 9008045 | I27: 2 | R27: Waida | S27: Fanuc | T27: LR Mate 200iD 7L | U27: R-30iB
B28: 25 | E28: 3 | F28: 2024 | G28: 146 | H28: 9008045 | I28: 3 | R28: Waida | S28: Fanuc | T28: LR Mate 200iD 7L
B29: 26 | E29: 4 | F29: 2024 | G29: 147 | H29: 9008045 | I29: 4 | R29: Waida | S29: Fanuc | T29: LR Mate 200iD 7L
B30: 27 | E30: 5 | F30: 2024 | G30: 148 | H30: 9008045 | I30: 5 | R30: Waida | S30: Fanuc | T30: LR Mate 200iD 7L
B31: 28 | E31: 6 | F31: 2024 | G31: 149 | H31: 9008045 | I31: 6 | R31: Waida | S31: Fanuc | T31: LR Mate 200iD 7L
B32: 29 | C32: Wendt | D32: 271RF | E32: 5 | F32: 2002 | G32: 855190102X | H32: 9002212 | I32: 1 | R32: Wendt | S32: Adept | T32: Cobra 600 (Dual)
B33: 30 | E33: 6 | F33: 2006 | G33: 855010303A | H33: 9002212 | I33: 2 | R33: Wendt | S33: Adept | T33: Cobra S600 (Dual)
B34: 31 | C34: Stahli | D34: DLM705 | E34: 1 | F34: 2010 | G34: 10 08 1152 | H34: 9003232 | I34: 1 | R34: Shafir | S34: Adept | T34: Cobra S600 (Dual)
B35: 32 | E35: 2 | F35: 2023 | G35: 1604 | H35: 9003232 | I35: 2 | R35: Shafir | S35: Fanuc | T35: SR-6iA (Dual)
B36: 33 | E36: 3 | F36: 2023 | G36: 1605 | H36: 9003232 | I36: 3 | R36: Shafir | S36: Fanuc | T36: SR-6iA (Dual)
B37: 34 | D37: FLM602 | E37: 1 | F37: 2013 | G37: 9006180/03 | H37: 9006089 | I37: 1 | R37: Shafir | S37: Adept | T37: Quattro S650H
B38: 35 | C38: EWAG | D38: Compact Line | E38: 1 | F38: 2019 | G38: 7188-0224 | H38: 9006069 | I38: 1 | R38: EWAG | S38: Fanuc | T38: LR Mate 200iD
B39: 36 | E39: 2 | F39: 2019 | G39: 7188-0225 | H39: 9006069 | I39: 2 | R39: EWAG | S39: Fanuc | T39: LR Mate 200iD
B40: 37 | E40: 3 | F40: 2019 | G40: 7188-0243 | H40: 9006069 | I40: 3 | R40: EWAG | S40: Fanuc | T40: LR Mate 200iD
B41: 38 | E41: 4 | F41: 2024 | G41: 2188-0021 | H41: 9006069 | I41: 4 | R41: EWAG | S41: Fanuc
B42: 39 | C42: Shafir Brush | D42: Honing | E42: 1 | F42: 2016 | G42: IS5201 | H42: 9006878 | I42: 1 | R42: Shafir | S42: Adept | T42: Cobra S800 | AA42: 연삭2 Grinding-1 | AI42: 연삭2 Sand | AO42: 연삭2 Grinding-2
B43: 40 | E43: 2 | F43: 2019 | G43: IS5203 | H43: 9002688 | I43: 1 | R43: Shafir | S43: Adept | T43: eCobra 800 (Dual) | U43: EX Controller | AA43: APX-F50 #6 | AB43: APX-F50 #2 | AI43: 우주초음파
B44: 41 | C44: SIRON | D44: A107-5 | E44: 1 | F44: 2021 | G44: AS19083 | H44: 9007895 | I44: 1 | R44: SIRON | S44: Cartesian | T44: - | AA44: APX-F50 #5 | AB44: APX-F50 #1 | AD44: APX105 #3 | AE44: APX105 #6 | AG44: DURR | AI44: Macoho #3 | AJ44: Macoho #2 | AL44: Macoho #1 | AO44: Cleverland
B45: 42 | E45: 2 | F45: 2021 | G45: AS19084 | H45: 9007895 | I45: 2 | R45: SIRON | S45: Cartesian | T45: - | AA45: SIRON #1 | AB45: APX-F50 #4 | AD45: APX105 #2 | AE45: APX105 #5 | AG45: APX103#5 | AO45: BRUSH #2
B46: 43 | D46: A108 | E46: 3 | F46: 2024 | G46: AS24001 | H46: 9008348 | I46: 1 | R46: SIRON | S46: Cartesian | T46: - | AA46: SIRON #2 | AB46: APX-F50 #3 | AD46: APX105 #1 | AE46: APX105 #4 | AG46: Leo Peri | AI46: FUJI #12 | AJ46: FUJI #11 | AL46: FUJI #10 | AM46: FUJI #9 | AO46: BRUSH #1
B47: 44 | E47: 4 | F47: 2024 | G47: AS24002 | H47: 9008348 | I47: 2 | R47: SIRON | S47: Cartesian | T47: - | AA47: SIRON #3 | AD47: APX103 #9 | AE47: APX103 #4 | AG47: AP710A #4 | AI47: FUJI #8 | AJ47: FUJI #7 | AL47: FUJI #6 | AM47: FUJI #5 | AR47: EWAG #4
B48: 45 | C48: Agathon | D48: Leo Peri | E48: 1 | F48: 2023 | G48: 980000247 | H48: 9008198 | I48: 1 | R48: Agathon | S48: Cartesian | T48: - | AA48: SIRON #4 | AB48: APX105 #9 | AD48: APX103 #8 | AE48: APX103 #3 | AG48: AP710A #3 | AI48: FUJI #4 | AJ48: FUJI #3 | AL48: FUJI #2 | AM48: FUJI #1 | AO48: FLM602 | AQ48: DLM705 #2 | AR48: EWAG #3
B49: 46 | C49: Ib-che Brush | D49: IBP470N | E49: 1 | F49: 2007 | G49: 107-0503 | H49: 9003943 | I49: 1 | AA49: SIRON #5 | AB49: APX105 #8 | AD49: APX103 #7 | AE49: APX103 #2 | AG49: AP710A #2 | AO49: 271RF #2 | AQ49: DLM705 #3 | AR49: EWAG #2
B50: 47 | E50: 2 | F50: 2007 | G50: 107-0501 | H50: 9003943 | I50: 2 | AA50: SIRON #6 | AB50: APX105 #7 | AD50: APX103 #6 | AE50: APX103 #1 | AG50: AP710A #1 | AO50: 271RF #1 | AQ50: DLM705 #4 | AR50: EWAG #1
B51: 48 | E51: 3 | F51: 2007 | G51: 107-0505 | H51: 9003943 | I51: 3
B52: 49 | C52: Fuji Sand Honing | D52: SGDV-9B-NH- MUL-408 | E52: 1 | F52: 2011 | G52: V000378 | H52: 9005859 | I52: 1
B53: 50 | E53: 2 | F53: 2011 | G53: V000395 | H53: 9005859 | I53: 2
B54: 51 | E54: 3 | F54: 2011 | G54: V000399 | H54: 9005859 | I54: 3
B55: 52 | E55: 4 | F55: 2011 | G55: V000397 | H55: 9005859 | I55: 4
B56: 53 | E56: 5 | F56: 2011 | G56: V000394 | H56: 9005859 | I56: 5
B57: 54 | E57: 6 | F57: 2011 | G57: V000396 | H57: 9005859 | I57: 6
B58: 55 | E58: 7 | F58: 2011 | G58: V000400 | H58: 9005859 | I58: 7
B59: 56 | E59: 8 | F59: 2011 | G59: V000398 | H59: 9005859 | I59: 8
B60: 57 | E60: 9 | F60: 2011 | G60: V000432 | H60: 9005859 | I60: 9
B61: 58 | E61: 10 | F61: 2011 | G61: V000433 | H61: 9005859 | I61: 10
B62: 59 | E62: 11 | F62: 2011 | G62: V000435 | H62: 9005859 | I62: 11
B63: 60 | E63: 12 | F63: 2011 | G63: V000434 | H63: 9005859 | I63: 12
B64: 61 | C64: Macoho Wet sand | D64: H-V1 | E64: 1 | F64: 2024 | G64: 20232078 | H64: 9007707 | I64: 3
B65: 62 | D65: H-V2 | E65: 2 | F65: 2026 | G65: 20252180 | H65: 9007707 | I65: 4
B66: 63 | D66: H-V2 | E66: 3 | F66: 2026 | G66: 20252181 | H66: 9007707 | I66: 5
B67: 64 | C67: DURR | D67: Universal 81C | E67: 1 | F67: 2011 | G67: 15271 | H67: 9002458 | I67: 2
B68: 65 | C68: Ultrasonic-Cleaner | D68: Wooju | E68: 1 | F68: 2017 | G68: - | H68: 6193460 | I68: 3
B69: 66 | C69: Laser marking | D69: EFC-20 | E69: 1 | F69: 2022 | G69: ELPJ-2206-057 | H69: 9008111 | I69: 1
B70: 67 | C70: Okano Packing | D70: - | E70: 1 | F70: 2013 | G70: 1815 | H70: 9006019 | I70: 1
B71: 68 | E71: 2 | F71: 2014 | G71: 1815-1 | H71: 9006019 | I71: 2 | AA71: 검사실
B72: 69 | E72: 3 | F72: 2025 | G72: 3172 | H72: 9008265 | I72: 1 | J72: BKB | K72: I03 | AB72: AVIM #6 | AC72: AVIM #4
B73: 70 | E73: 4 | F73: 2025 | G73: 3173 | H73: 9008265 | I73: 2 | J73: BKB | K73: I04 | AA73: Demagnet | AB73: ADIM | AC73: AVIM #5
B74: 71 | C74: Inkjet Marking | D74: VJ1620UHS | E74: 1 | F74: 2021 | G74: 20616 | H74: - | I74: - | AA74: Laser Mark | AB74: Okano #1 | AC74: Okano #3
B75: 72 | C75: Demagnetizer | D75: HT-ADM | E75: 1 | F75: 2012 | G75: 1000 | H75: 9006155 | I75: 1 | AA75: Inkjet | AB75: Okano #2 | AC75: Okano #4
B76: 73 | C76: Cleveland | I76: 1

Sheet 코팅1
B2: Coating1 Machine List
B3: NO | C3: Name | D3: Model | E3: No. | F3: Year | G3: Serial No. | H3: Gal Item No. | I3: No.2 | J3: WCN | K3: PPC | L3: Main Supply | M3: Remark1 | N3: PLC | O3: Model | P3: HMI | Q3: Model | R3: Automation | S3: Robot | T3: Model | U3: Controller | V3: Remark2
B4: 1 | C4: PVD F'ce | D4: Balzers BAI830 | E4: 1 | F4: 2000 | G4: BB455 567-S | H4: 9001028 | I4: 1 | L4: 380V 48kVA | N4: Balzers | O4: 자체 I/O | P4: Gercom | Q4: GC-10R-24F
B5: 2 | E5: 2 | F5: 2011 | G5: 94-97355 | H5: 9001028 | I5: 2 | N5: Balzers | O5: 자체 I/O | P5: Gercom | Q5: GC-10R-24F
B6: 3 | D6: Balzers BAI900 | E6: 3 | F6: 2017 | G6: 99-0000504905 | H6: 9001290 | I6: 1 | N6: Matsushita | O6: NAIS FP3 | P6: PC | Q6: -
B7: 4 | D7: Kobe AIP-S70 | E7: 1 | F7: 2001 | G7: EB10131 | H7: 9001962 | I7: 1 | N7: YOKOGAWA | O7: FACTORY ACE | P7: PC | Q7: -
B8: 5 | E8: 2 | F8: 2005 | G8: EB10211 | H8: 9001962 | I8: 2 | N8: YOKOGAWA | O8: FACTORY ACE | P8: PC | Q8: -
B9: 6 | E9: 3 | F9: 2007 | G9: EB10260 | H9: 9001962 | I9: 3 | N9: YOKOGAWA | O9: FACTORY ACE | P9: PC | Q9: -
B10: 7 | E10: 4 | F10: 2011 | G10: EB10377 | H10: 9001962 | I10: 4 | N10: YOKOGAWA | O10: FACTORY ACE | P10: PC | Q10: -
B11: 8 | C11: CVD F'ce | D11: Bernex BPX 530L Tandem | E11: 3 | F11: 1999 | G11: 519616 | H11: 9001889 | I11: 1 | L11: 220V 90kVA | N11: ALLEN BRADLEY | O11: SLC-500 | P11: V1.6.3 | Q11: - | AA11: 코팅1
B12: 9 | E12: 4 | F12: 2014 | G12: 19528/526117 | H12: 9001104 | I12: 2 | P12: V2.0.21 | Q12: - | AD12: Bernex #9 | AE12: Bernex #8 | AF12: Bernex #7 | AH12: Dry Sand New | AI12: Balzers #1
B13: 10 | E13: 5 | F13: 2014 | G13: 19530/526120 | H13: 9001104 | I13: 3 | P13: V2.0.21 | Q13: - | AB13: Macoho #5 | AC13: Bernex #6 | AD13: Bernex #5 | AE13: Bernex #4 | AF13: Bernex #3 | AI13: Kobe #2
B14: 11 | E14: 6 | F14: 2005 | G14: 519680 | H14: 9001889 | I14: 2 | L14: 400V 90kVA | P14: V1.6.2 | Q14: - | AA14: Macoho #2 | AG14: Balzers #2 | AI14: Kobe #1
B15: 12 | E15: 7 | F15: 2008 | G15: 519710 | H15: 9001889 | I15: 3 | P15: V2.0.10 | Q15: - | AC15: CVD Unload | AI15: Kobe #3
B16: 13 | E16: 8 | F16: 2010 | G16: 519725 | H16: 9001889 | I16: 4 | P16: V2.0.15 | Q16: - | AA16: Macoho #3 | AC16: CVD Load | AI16: Balzers #3
B17: 14 | E17: 9 | F17: 2011 | G17: 519727 | H17: 9001889 | I17: 5 | P17: V2.0.15 | Q17: - | AD17: PVD Load(WTA) | AE17: PVD Unload | AF17: PVD Load(Okano) | AG17: Table Cleaner | AH17: Kobe #4 | AI17: Dry Sand
B18: 15 | C18: Loading/Unloading | D18: CVD Loading | E18: 1 | F18: 2013 | G18: SN-1916 | H18: 9001904 | I18: 1 | L18: 220V | N18: PC | O18: - | P18: PC | Q18: - | S18: Cartesian | T18: (Servo)
B19: 16 | D19: CVD Unloading | E19: 1 | F19: 2018 | G19: TTL-1715 | H19: 9000548 | I19: 2 | N19: PC | O19: - | P19: PC | Q19: - | S19: Cartesian | T19: (Servo)
B20: 17 | D20: PVD Loading | E20: 1 | F20: 2013 | G20: SN1915 | H20: 9006017 | I20: 2 | N20: PC | O20: - | P20: PC | Q20: - | S20: Cartesian | T20: (Servo)
B21: 18 | E21: 2 | F21: 2022 | G21: WPVD1M9001 | H21: 9008077 | I21: 1 | R21: Wintech | S21: Mitsubishi | T21: RV-4FRL
B22: 19 | D22: PVD Unloading | E22: 1 | F22: 2018 | G22: TTL-1717 | H22: 9010018 | I22: 2 | N22: PC | O22: - | P22: PC | Q22: - | S22: Cartesian | T22: (Servo)
B23: 20 | C23: Wet Sand | D23: Macoho | E23: 2 | F23: 2012 | G23: 121252 | H23: 9005739 | I23: 2 | N23: Mitsubishi | O23: Q series | P23: Proface | Q23: GP-4000
B24: 21 | E24: 3 | F24: 2019 | G24: 121254 | H24: 9005739 | I24: 3 | N24: Mitsubishi | O24: Q series | P24: Proface | Q24: GP-4000
B25: 22 | E25: 5 | F25: 2024 | G25: 20232077 | H25: 9007707 | I25: 2
B26: 23 | C26: Dry sand | D26: Neo Blast | E26: 1 | F26: 2012 | H26: 6176622 | I26: 1
B27: 24 | E27: 2 | F27: 2024 | G27: NEO-HI-BAS/400 | H27: 6261584 | I27: 1 | L27: 380V
B28: 25 | C28: Table Cleaner | E28: 1 | F28: 2019 | H28: - | I28: - | L28: 220V
H83: 9003763

Sheet 코팅2
B2: Coating2 Machine List
B3: NO | C3: Name | D3: Model | E3: No. | F3: Year | G3: Serial No. | H3: Gal Item No. | I3: No.2 | J3: WCN | K3: PPC | L3: Main Supply | M3: Remark1 | N3: PLC | O3: Model | P3: HMI | Q3: Model | R3: Automation | S3: Robot | T3: Model | U3: Controller | V3: Remark2
B4: 1 | C4: PVD F'ce | D4: Kobe AIP-S70 | E4: 1 | F4: 2012 | G4: EB10395 | H4: 9001962 | I4: 6
B5: 2 | E5: 2 | F5: 2012 | G5: EB10394 | H5: 9001962 | I5: 7
B6: 3 | E6: 3 | F6: 2011 | G6: EB10385 | H6: 9001962 | I6: 5
B7: 4 | E7: 4 | F7: 2023 | G7: EB10656 | H7: 9001962 | I7: 8
B8: 5 | E8: 5 | F8: 2023 | G8: EB10671 | H8: 9001962 | I8: 9
B9: 6 | D9: AIP-S40 | E9: 6 | F9: 2011 | G9: EB10369 | H9: 9004409 | I9: 1
B10: 7 | C10: CVD F'ce | D10: Bernex BPX 530L Tandem | E10: 1 | F10: 2011 | G10: 519746 | H10: 9001889 | I10: 6 | L10: 400V 90kVA
B11: 8 | E11: 2 | F11: 2011 | G11: 519745 | H11: 9001889 | I11: 7 | L11: 400V 90kVA
B12: 9 | E12: 3 | F12: 2011 | G12: 519749 | H12: 9001889 | I12: 8 | L12: 400V 90kVA
B13: 10 | E13: 4 | F13: 2011 | G13: 519747 | H13: 9001889 | I13: 9 | L13: 400V 90kVA
B14: 10 | E14: 5 | F14: 2015 | G14: 19602/526124 | H14: 9001889 | L14: 400V 90kVA | X14: Ibche #3 | Z14: Kobe #6 | AA14: Kobe #2 | AB14: Kobe #1
B15: 11 | E15: 6 | F15: 2015 | G15: 526124 | H15: 9001889 | I15: 11 | L15: 400V 110kVA
B16: 12 | E16: 7 | F16: 2018 | G16: 519799 | H16: 9001889 | I16: 13 | L16: 400V 90kVA | AA16: 코팅2
B17: 13 | C17: Loading/Unloading | D17: CVD Loading | E17: 1 | F17: 2012 | G17: 16678 | H17: 9006018 | I17: 1 | R17: Okano | S17: Cartesian | T17: Cartesian | AD17: Bernex #4 | AE17: Bernex #3
B18: 14 | D18: CVD Unloading | E18: 1 | F18: 2017 | G18: - | H18: 9000548 | I18: 1 | R18: Bitech | S18: Cartesian | T18: Cartesian | AB18: Bernex #6 | AC18: Bernex #2 | AD18: Bernex #1 | AE18: Bernex #7
B19: 15 | D19: PVD Loading | E19: 1 | F19: 2012 | G19: 1743 | H19: 9006017 | I19: 1 | R19: Okano | S19: Cartesian | T19: Cartesian
B20: 16 | D20: PVD Unloading | E20: 1 | F20: 2018 | G20: - | H20: 9010018 | I20: 2 | R20: Bitech | S20: Cartesian | T20: Cartesian | AB20: Macoho #1 | AC20: Macoho #3 | AE20: CVD Loading
B21: 17 | E21: 2 | F21: 2022 | G21: WPVD1M9002 | H21: 9008076 | I21: 1 | L21: 220V | R21: Wintech | S21: Mitsubishi | T21: RV-4FRL | AA21: GRAF | AE21: CVD Unload
B22: 18 | C22: Sand | D22: Macoho | E22: 1 | F22: 2012 | G22: 20121253 | H22: 9005739 | I22: 4 | AB22: Macoho #2 | AD22: PVD Unload
B23: 19 | E23: 2 | F23: 2012 | G23: 20121255 | H23: 9005739 | I23: 5 | AA23: Ultra Clean | AD23: PVD Unload | AE23: PVD Loading
B24: 20 | E24: 3 | F24: 2020 | G24: 20191817 | H24: 9007707 | I24: 1 | AA24: Ibche #1
B25: 21 | C25: GRAF | D25: - | E25: 1 | F25: 2003 | G25: 2432 | H25: 6176686 | I25: 1 | L25: 400V 14kW | AA25: Ibche #2 | AB25: HiPIMS | AC25: Kobe #5 | AD25: Kobe #4 | AE25: Kobe #3
B26: 22 | C26: HiPIMS | D26: Cemecon | E26: 1 | F26: 2019 | G26: 11384 | H26: 9007660 | I26: 1 | N26: BECKHOFF | O26: EK1100 | P26: SEMECON | AA26: Ibche #3 | AC26: Kobe #6 | AD26: Kobe #2 | AE26: Kobe #1
B27: 23 | C27: Diamond | E27: 1 | F27: 2019 | G27: 11388 | H27: 9007661 | I27: 1
H83: 9003763

Sheet 가공
B2: Tools Machine List
B3: NO | C3: Name | D3: Model | E3: No. | F3: Year | G3: Serial No. | H3: Gal Item No. | I3: No.2 | J3: WCN | K3: PPC | L3: Main Supply | M3: Remark1 | N3: PLC | O3: Model | P3: HMI | Q3: Model | R3: Automation | S3: Robot | T3: Model | U3: Controller | V3: Remark2 | W3: Fire Ext.
B4: 1 | C4: Rollomatic | D4: 628XS | E4: 1 | F4: 2012 | G4: 7797 | H4: 9005136 | I4: 20 | L4: 220V | R4: Rollomatic | S4: Cartesian | W4: K&B
B5: 2 | E5: 2 | F5: 2012 | G5: 7666 | H5: 9005136 | I5: 17 | L5: 220V | R5: Rollomatic | S5: Cartesian | W5: K&B
B6: 3 | E6: 3 | F6: 2012 | G6: 7361 | H6: 9005136 | I6: 12 | L6: 220V | R6: Rollomatic | S6: Cartesian | W6: K&B
B7: 4 | E7: 4 | F7: 2012 | G7: 7362 | H7: 9005136 | I7: 13 | L7: 220V | R7: Rollomatic | S7: Cartesian | W7: K&B
B8: 5 | E8: 5 | F8: 2012 | G8: 7136 | H8: 9005136 | I8: 4 | L8: 220V | R8: Rollomatic | S8: Cartesian | W8: K&B
B9: 6 | E9: 6 | F9: 2012 | G9: 7356 | H9: 9005136 | I9: 7 | L9: 220V | R9: Rollomatic | S9: Cartesian | W9: K&B
B10: 7 | E10: 7 | F10: 2012 | G10: 7355 | H10: 9005136 | I10: 6 | L10: 220V | R10: Rollomatic | S10: Cartesian | W10: K&B
B11: 8 | E11: 11 | F11: 2011 | G11: 7660 | H11: 9005136 | I11: 11 | L11: 220V | R11: Rollomatic | S11: Cartesian | W11: K&B
B12: 9 | E12: 12 | F12: 2011 | G12: 7661 | H12: 9005136 | I12: 19 | L12: 220V | R12: Rollomatic | S12: Cartesian | W12: K&B
B13: 10 | E13: 13 | F13: 2011 | G13: 7663 | H13: 9005136 | I13: 26 | L13: 220V | R13: Rollomatic | S13: Cartesian | W13: K&B
B14: 11 | E14: 14 | F14: 2011 | G14: 7664 | H14: 9005136 | I14: 46 | L14: 220V | R14: Rollomatic | S14: Cartesian | W14: K&B
B15: 12 | E15: 15 | F15: 2012 | G15: 7904 | H15: 9005136 | I15: 18 | L15: 220V | R15: Rollomatic | S15: Cartesian | W15: K&B
B16: 13 | E16: 16 | F16: 2011 | G16: 7191 | H16: 9005136 | I16: 5 | L16: 220V | R16: Rollomatic | S16: Cartesian | W16: K&B
... B23: 20 | E23: 26 | F23: 2011 | G23: 7359 | H23: 9005136 | I23: 10 | L23: 220V | R23: Rollomatic | S23: Cartesian | W23: K&B
B24: 21 | E24: 27 | F24: 2011 | G24: 7360 | H24: 9005136 | I24: 48 | L24: 220V | R24: Rollomatic | S24: Cartesian | W24: K&B | AA24: 가공
B25: 22 | E25: 31 | F25: 2010 | G25: 7016 | H25: 9005136 | I25: 1 | L25: 220V | R25: Rollomatic | S25: Cartesian | W25: K&B | AA25: 628XS#1 | AB25: 628XS#2 | AC25: 628XS#3 | AD25: 628XS#4 | AE25: 628XS#5 | AF25: 628XS#6 | AG25: 628XS#7 | AH25: 629XS#8
B26: 23 | E26: 32 | F26: 2010 | G26: 7017 | H26: 9005136 | I26: 2 | L26: 220V | N26: BECKHOFF | O26: EK1100 | P26: SEMECON | R26: Rollomatic | S26: Cartesian | W26: K&B | AA26: 628XS#11 | AB26: 628XS#12 | AC26: 628XS#13 | AD26: 628XS#14 | AE26: 628XS#15 | AF26: 628XS#16 | AG26: 628XS#17 | AH26: 629XS#18
B27: 24 | E27: 41 | F27: 2012 | G27: 7819 | H27: 9005136 | I27: 21 | L27: 220V | R27: Rollomatic | S27: Cartesian | W27: K&B
B28: 25 | E28: 42 | F28: 2012 | G28: 7820 | H28: 9005136 | I28: 22 | L28: 220V | R28: Rollomatic | S28: Cartesian | W28: K&B | AA28: 628XS#21 | AB28: 628XS#22 | AC28: 628XS#23 | AD28: 628XS#24 | AE28: 628XS#25 | AF28: 628XS#26 | AG28: 628XS#27 | AH28: 629XS#28
B29: 26 | E29: 43 | F29: 2012 | G29: 7855 | H29: 9005136 | I29: 23 | L29: 220V | R29: Rollomatic | S29: Cartesian | W29: K&B | AA29: 628XS#31 | AB29: 628XS#32 | AC29: 620XS#33 | AD29: 620XS#34 | AE29: 620XS#35 | AF29: 620XS#36 | AG29: 620XS#37 | AH29: 629XS#38
B30: 27 | E30: 51 | F30: 2012 | G30: 7875 | H30: 9005136 | I30: 24 | L30: 220V | R30: Rollomatic | S30: Cartesian | W30: K&B
B31: 28 | E31: 52 | F31: 2012 | G31: 7877 | H31: 9005136 | I31: 25 | L31: 220V | R31: Rollomatic | S31: Cartesian | W31: K&B | AA31: 628XS#41 | AB31: 628XS#42 | AC31: 628XS#43 | AD31: 620XS#44 | AE31: 620XS#45 | AF31: 629XS#46 | AG31: 629XS#47
B32: 29 | D32: 620XS | E32: 33 | F32: 2008 | G32: 6639 | H32: 9002055 | I32: 10 | L32: 220V | R32: Rollomatic | S32: Cartesian | W32: K&B | AA32: 628XS#51 | AB32: 628XS#52 | AC32: 620XS#53 | AD32: 620XS#54 | AE32: 620XS#55 | AF32: 629XS#56 | AI32: Profile Proj
B33: 30 | E33: 34 | F33: 2008 | G33: 6638 | H33: 9002055 | I33: 9 | L33: 220V | R33: Rollomatic | S33: Cartesian | W33: K&B | AI33: Zoller
B34: 31 | E34: 35 | F34: 2008 | G34: 6621 | H34: 9002055 | I34: 8 | L34: 220V | R34: Rollomatic | S34: Cartesian | W34: K&B | AA34: ANCA#1 | AB34: ANCA#2 | AC34: ANCA#3 | AD34: ANCA#4 | AE34: ANCA#5 | AF34: ANCA#6 | AI34: Haimer
B35: 32 | E35: 36 | F35: 2008 | G35: 6620 | H35: 9002055 | I35: 5 | L35: 220V | R35: Rollomatic | S35: Cartesian | W35: K&B | AA35: ANCA#11 | AB35: ANCA#12 | AC35: ANCA#13 | AD35: ANCA#14 | AE35: ANCA#15 | AF35: ANCA#16 | AI35: Starret
B36: 33 | E36: 37 | F36: 2007 | G36: 5862 | H36: 9002055 | I36: 4 | L36: 220V | R36: Rollomatic | S36: Cartesian | W36: K&B | AI36: OTEC
B37: 34 | E37: 44 | F37: 2003 | G37: 3986 | H37: 9002055 | I37: 2 | L37: 220V | R37: Rollomatic | S37: Cartesian | W37: K&B | AD37: RS700 | AE37: GCX #1 | AF37: MP1200 | AI37: Cooper
B38: 35 | E38: 45 | F38: 2001 | G38: 32 | H38: 9002055 | I38: 1 | L38: 220V | R38: Rollomatic | S38: Cartesian | W38: K&B | AC38: ANCA TX7 | AE38: ANCA TX7 | AF38: GCX #2
B39: 36 | E39: 53 | F39: 2008 | G39: 6619 | H39: 9002055 | I39: 7 | L39: 220V | R39: Rollomatic | S39: Cartesian | W39: K&B | AI39: Kanehira
B40: 37 | E40: 54 | F40: 2008 | G40: 6580 | H40: 9002055 | I40: 6 | L40: 220V | R40: Rollomatic | S40: Cartesian | W40: K&B | AA40: NP5#1 | AB40: NP5#2 | AC40: Centerless#1 | AD40: Centerless#2 | AI40: Wasino
B41: 38 | E41: 55 | F41: 2003 | G41: 3985 | H41: 9002055 | I41: 3 | L41: 220V | R41: Rollomatic | S41: Cartesian | W41: K&B | AA41: NP30#1 | AB41: NP30#2 | AC41: NP50 | AD41: Chamfer | AE41: HMT Cutting | AF41: Rollomatic V2 | AG41: DURR | AI41: Cleveland
B42: 39 | D42: 629XW | E42: 8 | F42: 2017 | G42: 805721 | H42: 9000374 | I42: 1 | L42: 380V | R42: Rollomatic | S42: Cartesian | W42: K&B | AI42: Ultrasonic
B43: 40 | E43: 18 | F43: 2017 | G43: 805722 | H43: 9000374 | I43: 2 | L43: 380V | R43: Rollomatic | S43: Cartesian | W43: K&B | AC43: Laser Mark | AD43: Laser Mark | AF43: Aero Lap | AG43: Studer S20 | AH43: Daewoo Turn | AI43: Daewoo Turn
B44: 41 | E44: 28 | F44: 2018 | G44: 805820 | H44: 9000374 | I44: 3 | L44: 380V | R44: Rollomatic | S44: Cartesian | W44: K&B
B45: 42 | E45: 38 | F45: 2018 | G45: 805822 | H45: 9000374 | I45: 4 | L45: 380V | R45: Rollomatic | S45: Cartesian | W45: K&B
B46: 43 | E46: 46 | F46: 2018 | G46: 806984 | H46: 9000374 | I46: 5 | L46: 380V | R46: Rollomatic | S46: Cartesian | W46: K&B
B47: 44 | E47: 47 | F47: 2018 | G47: 806985 | H47: 9000374 | I47: 6 | L47: 380V | R47: Rollomatic | S47: Cartesian | W47: K&B
B48: 45 | E48: 56 | F48: 2018 | G48: 806986 | H48: 9000374 | I48: 7 | L48: 380V | R48: Rollomatic | S48: Cartesian | W48: K&B
B49: 46 | D49: NP5 | E49: 1 | F49: 2015 | G49: 803903 | H49: 9005914 | I49: 2 | L49: 400V | R49: Rollomatic | S49: Cartesian | W49: K&B
B50: 47 | E50: 2 | F50: 2013 | G50: 8160 | H50: 9005914 | I50: 1 | L50: 220V | R50: Rollomatic | S50: Cartesian | W50: K&B
B51: 48 | D51: NP30 | E51: 1 | F51: 2021 | G51: 809247 | H51: 9007972 | I51: 1 | L51: 380V | R51: Rollomatic | S51: Cartesian | W51: K&B
B52: 49 | E52: 2 | F52: 2021 | G52: 809297 | H52: 9007972 | I52: 2 | L52: 380V | R52: Rollomatic | S52: Cartesian | W52: K&B
B53: 50 | D53: NP50 | E53: 1 | F53: 2024 | G53: 810716 | H53: 9008032 | I53: 1 | R53: Rollomatic | S53: Cartesian | W53: K&B
B54: 51 | C54: ANCA | D54: TX7 | E54: 1 | F54: 2012 | G54: 600753 | H54: 9005265 | I54: 4 | L54: 380V 25kVA | R54: ANCA | S54: Fanuc | T54: LR Mate 200iC | W54: K&B
B55: 52 | E55: 2 | F55: 2012 | G55: 600756 | H55: 9005265 | I55: 5 | R55: ANCA | S55: Fanuc | T55: LR Mate 200iC | W55: K&B
B56: 53 | E56: 3 | F56: 2012 | G56: 600757 | H56: 9005265 | I56: 6 | R56: ANCA | S56: Fanuc | T56: LR Mate 200iC | W56: K&B
B57: 54 | E57: 4 | F57: 2007 | G57: 600356 | H57: 9005265 | I57: 1 | L57: 415V 25kVA | R57: ANCA | S57: Cartesian | T57: - | W57: K&B
B58: 55 | E58: 5 | F58: 2007 | G58: 600390 | H58: 9005265 | I58: 2 | R58: ANCA | S58: Cartesian | T58: - | W58: K&B
B59: 56 | E59: 6 | F59: 2007 | G59: 600357 | H59: 9005265 | I59: 3 | R59: ANCA | S59: Cartesian | T59: - | W59: K&B
B60: 57 | E60: 11 | F60: 2007 | G60: 600758 | H60: 9005265 | I60: 7 | L60: 380V 25kVA | R60: ANCA | S60: Fanuc | T60: LR Mate 200iC | W60: K&B
B61: 58 | E61: 12 | F61: 2007 | G61: 600759 | H61: 9005265 | I61: 8 | L61: 380V 25kVA | R61: ANCA | S61: Fanuc | T61: LR Mate 200iC | W61: K&B
B62: 59 | E62: 17 | F62: 2024 | G62: 640113 | H62: 9004434 | I62: 1 | L62: 380V 18kVA | R62: ANCA | S62: Fanuc | T62: LR Mate 200iD | W62: K&B
B63: 60 | E63: 18 | F63: 2024 | G63: 640392 | H63: 9004434 | I63: 2 | L63: 380V 18kVA | R63: ANCA | S63: Fanuc | T63: LR Mate 200iD | W63: K&B
B64: 61 | D64: MX7 | E64: 13 | F64: 2018 | G64: 156454 | H64: 9000344 | I64: 2 | L64: 380V 25kVA | R64: ANCA | S64: Fanuc | T64: LR Mate 200iD | W64: K&B
B65: 62 | E65: 14 | F65: 2018 | G65: 156502 | H65: 9000344 | I65: 1 | L65: 380V 25kVA | R65: ANCA | S65: Fanuc | T65: LR Mate 200iD | W65: K&B
B66: 63 | E66: 15 | F66: 2018 | G66: 156500 | H66: 9000344 | I66: 3 | L66: 380V 25kVA | R66: ANCA | S66: Fanuc | T66: LR Mate 200iD | W66: K&B
B67: 64 | E67: 16 | F67: 2018 | G67: 156485 | H67: 9000344 | I67: 4 | L67: 380V 25kVA | R67: ANCA | S67: Fanuc | T67: LR Mate 200iD | W67: K&B
B68: 65 | D68: GCX | E68: 1 | F68: 2022 | G68: 640281 | H68: 9008059 | I68: 1 | L68: 380V 18kVA | R68: ANCA | S68: Fanuc | T68: LR Mate 200iD
B69: 66 | E69: 2 | F69: 2023 | G69: GCX011 | H69: 9008059 | R69: ANCA | S69: Fanuc | T69: LR Mate 200iD
B70: 67 | C70: Dressing | D70: ASA300W | E70: 1 | F70: 2025 | G70: 0009 | H70: 9008242 | I70: 1
B71: 68 | C71: ULMER | D71: RS700 | E71: 1 | F71: 2021 | G71: M21.26090 | H71: 9007277 | I71: 1 | L71: 400V 27kVA | R71: ULMER | S71: Fanuc | T71: LR Mate 200iD | W71: K&B
B72: 69 | C72: Centerless | D72: DC-18 | E72: 1 | F72: 2021 | G72: 21G-014 | H72: 9007991 | I72: 1 | L72: 380V 15kW
B73: 70 | E73: 2 | F73: 2021 | G73: 21G-013 | H73: 9007991 | I73: 2 | L73: 380V 15kW
B74: 71 | C74: P&S Cutting machine | D74: HMT-S15 | E74: 1 | F74: 2020 | G74: 10742-185409 | H74: 9006634 | I74: 1 | L74: 400V 15kVA | W74: K&B
B75: 72 | C75: Chamfer | D75: Chia Lern | E75: 1 | F75: 2021 | G75: CH-CM0406 | H75: 9007912 | I75: 1 | L75: 380V
B76: 73 | C76: DURR | D76: Universal 81C | E76: 1 | F76: 2012 | G76: 15531 | H76: 9002458 | I76: 3 | L76: 400V 59kW
B77: 74 | C77: Studer S20 | D77: S20-2 | E77: 1 | F77: 2007 | G77: 186 | H77: 9002141 | I77: 1
B78: 75 | C78: Wire cutting | D78: MP1200 | E78: 1 | F78: 2022 | G78: 52CP1199 | H78: 9007248 | I78: 1
B79: 76 | C79: Rollomatic V2 | D79: Profile Smart | E79: 1 | F79: 2021 | G79: 809560 | H79: 9006743 | I79: 1 | L79: 380V
B80: 77 | C80: Profile Proj | D80: ST750 | E80: 1 | F80: - | G80: - | H80: - | I80: -
B81: 78 | C81: Zoller | D81: Genius 4 | E81: 1 | F81: 2013 | G81: - | H81: 9006541 | I81: - | L81: 230V
B82: 79 | D82: Smile 400 | E82: 1 | F82: 2013 | G82: - | H82: - | I82: -
B83: 80 | C83: Haimer | D83: TD2009COM | E83: 1 | F83: 2006 | G83: 2206905 | H83: 9005868 | I83: 1
B84: 81 | C84: Starret | D84: HF-600 | E84: 1 | F84: 2000
B85: 82 | C85: OTEC | D85: DF140 | E85: 1 | F85: 2004 | H85: 9003207 | I85: 1
B86: 83 | C86: Cooper Honing | D86: - | E86: 1 | F86: 2025 | G86: FAT-D-SPSF-2H12A | H86: 9008530 | I86: 1
B87: 84 | C87: Laser Marking | D87: LM PG 21159 | E87: 1 | F87: 2012 | G87: LM PG 21159 | H87: 9001807 | I87: 8 | L87: 230V 1.5kVA
B88: 85 | D88: LM DG 21159 | E88: 2 | F88: 2016 | G88: LM DG 21159 | H88: 9001807 | I88: 7
B89: 86 | C89: Aero Lap | D89: YT-300 | E89: 1 | F89: 2017 | H89: 9004435 | I89: 2
B90: 87 | C90: Kanehira | E90: 1 | F90: 2012 | G90: 046 | H90: 9005703
B91: 88 | C91: Wasino | D91: GLS-135B | E91: 1 | F91: 1992 | G91: 1098 | H91: 9005532 | I91: 1
B92: 89 | C92: Cleveland | E92: 1
B93: 90 | C93: Daewoo Turn | D93: C-40 | E93: 1 | F93: 1988 | G93: 100874 | H93: 9005524 | I93: 2
B94: 91 | D94: C-40 | E94: 2 | F94: 1995 | G94: 102041 | H94: 9005524 | I94: 4
B95: 92 | C95: Ultrasonic Cleaner | E95: 1 | H95: 6322771 | I95: 1

Sheet MC
B2: M/C Machine List
B3: NO | C3: Name | D3: Model | E3: No. | F3: Year | G3: Serial No. | H3: Gal Item No. | I3: No.2 | J3: WCN | K3: PPC | L3: Main Supply | M3: Remark1 | N3: PLC | O3: Model | P3: HMI | Q3: Model | R3: Automation | S3: Robot | T3: Model | U3: Controller | V3: Remark2
B4: 1 | C4: Hermle Milling | D4: C30U | E4: 3 | F4: 2005 | G4: 17343 | H4: 9005211 | I4: 3 | R4: Shafir | S4: Cylindrical | U4: Siemens
B5: 2 | E5: 4 | F5: 2005 | G5: 17326 | H5: 9005211 | I5: 4 | R5: Shafir | S5: Cylindrical | U5: Siemens
B6: 3 | E6: 5 | F6: 2006 | G6: 17561 | H6: 9005211 | I6: 5 | R6: Shafir | S6: Cylindrical | U6: Siemens
B7: 4 | E7: 6 | F7: 2005 | G7: 17324 | H7: 9005211 | I7: 6 | R7: Shafir | S7: Cylindrical | U7: Siemens
B8: 5 | E8: 7 | F8: 2005 | G8: 17319 | H8: 9005211 | I8: 7 | R8: Shafir | S8: Cylindrical | U8: Siemens
B9: 6 | E9: 8 | F9: 2005 | G9: 17342 | H9: 9005211 | I9: 8 | R9: Shafir | S9: Cylindrical | U9: Siemens
B10: 7 | E10: 9 | F10: 2006 | G10: 17552 | H10: 9005211 | I10: 9 | R10: Shafir | S10: Cylindrical | U10: Siemens
B11: 8 | E11: 10 | F11: 2006 | G11: 17553 | H11: 9005211 | I11: 10 | R11: Shafir | S11: Cylindrical | U11: Siemens
B12: 9 | E12: 11 | F12: 2008 | G12: 19241 | H12: 9005211 | I12: 11
B13: 10 | E13: 12 | F13: 2008 | G13: 19242 | H13: 9005211 | I13: 12
B14: 11 | E14: 14 | F14: 2010 | G14: 20150 | H14: 9005211 | I14: 14 | R14: Shafir | S14: Manipulator | V14: Beckhoff CX5020
B15: 12 | E15: 15 | F15: 2011 | G15: 20586 | H15: 9005211 | I15: 15 | R15: Shafir | S15: Manipulator | V15: Beckhoff CX5020
B16: 13 | E16: 16 | F16: 2011 | G16: 20587 | H16: 9005211 | I16: 21 | R16: Shafir | S16: Manipulator | V16: Beckhoff CX5020
B17: 14 | E17: 17 | F17: 2011 | G17: 20588 | H17: 9005211 | I17: 22 | R17: Shafir | S17: Manipulator | V17: Beckhoff CX5020
B18: 15 | E18: 18 | F18: 2011 | G18: 20589 | H18: 9005211 | I18: 23 | R18: Shafir | S18: Manipulator | V18: Beckhoff CX5020
B19: 16 | E19: 19 | F19: 2013 | G19: 22204 | H19: 9005211 | I19: 26 | R19: Shafir | S19: Yaskawa | T19: HP20F | U19: MP2300 | V19: Beckhoff CX5010
B20: 17 | E20: 20 | F20: 2013 | G20: 22216 | H20: 9005211 | I20: 27 | R20: Shafir | S20: Yaskawa | T20: HP20F | U20: MP2300 | V20: Beckhoff CX5010
B21: 18 | E21: 21 | F21: 2013 | G21: 22189 | H21: 9005211 | I21: 28 | R21: Shafir | S21: Yaskawa | T21: HP20F | U21: MP2300 | V21: Beckhoff CX5010
B22: 19 | D22: C40U | E22: 13 | F22: 2010 | G22: 20173 | H22: 9004930 | I22: 13
B23: 20 | D23: C32U | E23: 25 | F23: 2018 | G23: 25880 | H23: 9006876 | I23: 2 | AA23: M/C
B24: 21 | E24: 26 | F24: 2018 | G24: 25881 | H24: 9006876 | I24: 3 | AB24: C42U#22 | AC24: C42U#23 | AD24: C30U#12 | AE24: C30U#11
B25: 22 | D25: C42U | E25: 22 | F25: 2013 | G25: 22320 | H25: 9005955 | I25: 1 | AB25: C42U#24 | AC25: C40U#13 | AD25: C32U#25 | AE25: C32U#26 | AF25: Zoller
B26: 23 | E26: 23 | F26: 2015 | G26: 23799 | H26: 9005955 | I26: 2 | AF26: Zoller
B27: 24 | E27: 24 | F27: 2015 | G27: 23800 | H27: 9005955 | I27: 3 | AA27: PUMA#2 | AB27: C30U#8 | AC27: C30U#4 | AD27: C30U#17 | AE27: C30U#16 | AF27: Gom
B28: 25 | C28: Mazak Turning | D28: Integrex 200 | E28: 1 | F28: 2005 | G28: 180027 | H28: 9003690 | I28: 1 | AA28: VT900ML | AB28: C30U#5 | AC28: C30U#10 | AD28: C30U#7 | AE28: C30U#9 | AF28: Lasit
B29: 26 | D29: HQR | E29: 1 | F29: 2012 | G29: 233299 | H29: 9006230 | I29: 1
B30: 27 | E30: 2 | F30: 2012 | G30: 233300 | H30: 9006230 | I30: 2 | AB30: C30U#18 | AC30: C30U#15 | AD30: C30U#14 | AE30: C30U#19
B31: 28 | D31: W-300Y | E31: 1 | F31: 2023 | G31: B83344860 | H31: 9008183 | I31: 1 | AA31: e-500H | AB31: C30U#6 | AC31: C30U#3 | AD31: C30U#21 | AE31: C30U#20
B32: 29 | D32: i-200 | E32: 1 | F32: 2024 | G32: 344748 | H32: 9008185 | I32: 1
B33: 30 | D33: i-200 | E33: 2 | F33: 2024 | G33: 344749 | H33: 9008185 | I33: 2 | AB33: i-200 | AC33: i-200 | AD33: W-300Y
B34: 31 | D34: e-500 | E34: 1 | F34: 2024 | G34: 344750 | H34: 9008184 | I34: 1 | AB34: INT200 | AC34: HQR#2 | AD34: HQR#1
B35: 32 | C35: Puma | D35: 300MB | E35: 2 | F35: 2005 | G35: P30M1732 | H35: 9003335 | I35: 1
B36: 33 | D36: VT900M | E36: 1 | F36: 2020 | G36: - | H36: 9007901 | I36: 1 | AB36: Gun drill #1 | AC36: TAIYO Koki | AD36: Youil G/R | AE36: Rotary G/R | AF36: CVG9
B37: 34 | C37: Gun drill | D37: SMGK-600 CNC | E37: 1 | F37: 1998 | G37: 15138 | H37: 9005781 | I37: 1
B38: 35 | C38: DMG MORI | D38: NVGH-3T | E38: 1 | F38: 2021 | G38: 4766 | H38: 9000429 | I38: 1 | R38: Cellro | S38: Fanuc | T38: M-20iD | AA38: M/C_범용실 | AD38: M/C_삼원
B39: 36 | D39: CVG-9 | E39: 1 | F39: 2024 | G39: 5355 | H39: 9008313 | I39: 1 | AA39: Bridgeport #1 | AB39: Band Saw | AC39: Studer S40 | AD39: Cooper | AE39: Cooper | AF39: Korea Sonic
B40: 37 | C40: Youil grinder | D40: YGS-96A | E40: 1 | F40: 2024 | G40: 96240213 | H40: 9005527 | I40: 2 | AA40: Bridgeport #2 | AC40: OD Grinder
B41: 38 | C41: Rotary Grinder | D41: WASINO SS-501 | E41: 1 | F41: 1987 | G41: 195-0-0179 | H41: 9003404 | I41: 1 | AA41: Hwacheon
B42: 39 | C42: GOM Scanner | D42: ATOS Scanbox 4105 | E42: 1 | F42: - | G42: - | H42: - | I42: -
B43: 40 | C43: Laser Marking | D43: LASIT | E43: 2 | F43: 2016 | G43: LMEJ31301 | H43: 9001807 | I43: 5
B44: 41 | C44: Zoller | D44: V600/S2 | E44: 1 | F44: 2004 | G44: 71691 | H44: 9003966 | I44: 3
B45: 42 | D45: Smartcheck 800 | E45: 2
B46: 43 | C46: Studer Grinding | D46: S40 | E46: 1 | F46: 1994 | G46: 011.0092.60.016/16 | H46: 9001032 | I46: 1
B47: 44 | C47: OD Grinding | D47: TGUA-32 | E47: 1 | F47: 2004 | G47: 4400287 | H47: 9005650 | I47: - | J47: 폐기
B48: 45 | C48: Manual milling | D48: BRIDGEPORT | E48: 1 | F48: - | G48: - | H48: - | I48: -
B49: 46 | D49: BRIDGEPORT | E49: 2
B50: 47 | C50: Band Sawing | D50: HVA-400 | E50: 1 | F50: 1988 | G50: - | H50: 6321837 | I50: 2
B51: 48 | C51: Manual lathe | D51: HL-580 | E51: 1 | F51: 2000 | G51: 254486 | H51: 9003337 | I51: 2
B52: 49 | C52: COOPER SYSTEM(DEBUR) | D52: TD-SPSF-3H/15A | E52: 1 | F52: 2022 | G52: - | H52: 9008078 | I52: 1
B53: 50 | D53: TD-SPSF-3H/15A | E53: 2 | F53: 2024
B54: 51 | C54: KOREA SONIC | D54: KSU-2ST-ATH | E54: 1 | F54: 2021 | G54: 210708 | H54: 9008005 | I54: 2
H83: 9003763

Sheet 드릴
B2: Drill Machine List
B3: NO | C3: Name | D3: Model | E3: No. | F3: Year | G3: Serial No. | H3: Gal Item No. | I3: No.2 | J3: WCN | K3: PPC | L3: Main Supply | M3: Remark1 | N3: PLC | O3: Model | P3: HMI | Q3: Model | R3: Automation | S3: Robot | T3: Model | U3: Controller | V3: Remark2
B4: 1 | C4: Hermle Milling | D4: C30U | E4: 1 | F4: 2011 | G4: 20577 | H4: 9005211 | I4: 16 | L4: 400V 41kVA | R4: Shafir | S4: Cylindrical | V4: Beckhoff CX5020
B5: 2 | E5: 2 | F5: 2011 | G5: 20578 | H5: 9005211 | I5: 17 | L5: 400V 41kVA | R5: Shafir | S5: Cylindrical | V5: Beckhoff CX5020 | AA5: 드릴
B6: 3 | E6: 3 | F6: 2012 | G6: 21515 | H6: 9005211 | I6: 18 | L6: 400V 41kVA | R6: Shafir | S6: Cylindrical | V6: Beckhoff CX5020 | AA6: TWIST1~6
B7: 4 | E7: 4 | F7: 2012 | G7: 21516 | H7: 9005211 | I7: 19 | L7: 400V 41kVA | R7: Raon | S7: Fanuc | T7: M-20iD | V7: 2024. 11개조 | AB7: OTEC
B8: 5 | E8: 5 | F8: 2012 | G8: 21514 | H8: 9005211 | I8: 20 | L8: 400V 41kVA | R8: Raon | S8: Fanuc | T8: M-20iD | V8: 2024. 11개조 | AA8: Studer S33 | AB8: Laser (Hitech) | AD8: DMG MORI #1 | AE8: sugino#1 | AF8: Gun drill#2
B9: 6 | E9: 6 | F9: 2013 | G9: 22365 | H9: 9005211 | I9: 24 | L9: 400V 41kVA | R9: Shafir | S9: Yaskawa | T9: HP20F | U9: MP2300 | V9: Beckhoff CX5010 | AA9: Studer S36 | AB9: Laser #4 | AE9: sugino#2 | AF9: Gun drill#3
B10: 7 | E10: 7 | F10: 2013 | G10: 22369 | H10: 9005211 | I10: 25 | L10: 400V 41kVA | R10: Shafir | S10: Yaskawa | T10: HP20F | U10: MP2300 | V10: Beckhoff CX5010 | AA10: Toyoda | AB10: makino#5 | AD10: DMG MORI #2 | AF10: makino#9
B11: 8 | D11: C42U | E11: 8 | F11: 2015 | G11: 23631 | H11: 9005955 | I11: 4 | L11: 400V 45kVA
B12: 9 | E12: 9 | F12: 2018 | G12: 25878 | H12: 9005955 | I12: 6 | L12: 400V 37kVA | AA12: makino#2 | AB12: makino#4 | AD12: makino#7 | AE12: C32U#12 | AF12: makino#11
B13: 10 | D13: C32U | E13: 10 | F13: 2018 | G13: 25879 | H13: 9006876 | I13: 1 | L13: 400V 37kVA | R13: Cellro | S13: Fanuc | T13: M-20iA | AA13: makino#1 | AB13: makino#3 | AD13: makino#6 | AE13: C32U#11 | AF13: makino#10
B14: 11 | E14: 11 | F14: 2020 | G14: 27851 | H14: 9006876 | I14: 4 | L14: 400V 46KVA | R14: Cellro | S14: Fanuc | T14: M-20iA
B15: 12 | E15: 12 | F15: 2020 | G15: 27968 | H15: 9006876 | I15: 9 | L15: 400V 46KVA | R15: Cellro | S15: Fanuc | T15: M-20iA | AA15: C32U#10 | AB15: C42U#8 | AD15: C30U#7 | AE15: C30U#5 | AF15: C30U#3
B16: 13 | C16: Makino Milling | D16: α51-5XU (7-axis) | E16: 1 | F16: 2010 | G16: 1754 | H16: 9003606 | I16: 1 | L16: 220V | R16: Erowa | S16: Cylindrical | T16: - | U16: ECU | AA16: C30U#1 | AB16: C42U#9 | AD16: C30U#6 | AE16: C30U#4 | AF16: C30U#2
B17: 14 | E17: 2 | F17: 2011 | G17: 2362 | H17: 9003606 | I17: 2 | L17: 220V | R17: Erowa | S17: Cylindrical | T17: - | U17: ECU | AE17: Blast - M/C범용실
B18: 15 | E18: 3 | F18: 2011 | G18: 2350 | H18: 9003606 | I18: 3 | L18: 220V | R18: Erowa | S18: Cylindrical | T18: - | U18: ECU
B19: 16 | E19: 4 | F19: 2011 | G19: 2349 | H19: 9003606 | I19: 4 | L19: 220V | R19: Erowa | S19: Cylindrical | T19: - | U19: ECU
B20: 17 | E20: 5 | F20: 2011 | G20: 2351 | H20: 9003606 | I20: 5 | L20: 220V | R20: Erowa | S20: Cylindrical | T20: - | U20: ECU
B21: 18 | E21: 6 | F21: 2010 | G21: 1755 | H21: 9003606 | I21: 6 | L21: 220V | R21: Erowa | S21: Cylindrical | T21: - | U21: ECU
B22: 19 | E22: 7 | F22: 2011 | G22: 1753 | H22: 9003606 | I22: 7 | L22: 220V | R22: Erowa | S22: Cylindrical | T22: - | U22: ECU
B23: 20 | E23: 9 | F23: 2010 | G23: 2367 | H23: 9003623 | I23: 9 | L23: 220V | R23: Erowa | S23: Cylindrical | T23: - | U23: ECU
B24: 21 | E24: 10 | F24: 2012 | G24: 2955 | H24: 9003623 | I24: 10 | L24: 220V | M24: 미가동 | R24: Erowa | S24: Cylindrical | T24: - | U24: ECU
B25: 22 | E25: 11 | F25: 2012 | G25: 2366 | H25: 9003623 | I25: 11 | L25: 220V | R25: Erowa | S25: Cylindrical | T25: - | U25: ECU
B26: 23 | C26: Gun drill Deep-Drilling | D26: Gun drill | E26: 2 | F26: 2003 | G26: 15069 | H26: 9005520 | I26: 1 | L26: 220V
B27: 24 | E27: 3 | F27: 2010 | G27: 15164 | H27: 9005520 | I27: 3 | L27: 220V
B28: 25 | D28: Sugino | E28: 4 | F28: 2013 | G28: 132018 | H28: 9005744 | I28: 1 | L28: 220V | R28: Cellro | S28: Fanuc | T28: Arcmate 120iC
B29: 26 | E29: 5 | F29: 2015 | G29: 156025 | H29: 9005744 | I29: 2 | L29: 220V | R29: Cellro | S29: Fanuc | T29: Arcmate 120iC
B30: 27 | C30: Twist | D30: - | E30: 1 | F30: 2002 | G30: - | H30: 9002754 | I30: 1 | L30: 220V 1P
B31: 28 | E31: 2 | F31: 2003 | G31: - | H31: 9002754 | I31: 2 | L31: 220V 1P
B32: 29 | E32: 3 | F32: 2006 | G32: - | H32: 9002754 | I32: 3 | L32: 220V 1P
B33: 30 | D33: TWM-104 | E33: 4 | F33: 2012 | G33: SR1206-A-350 | H33: 9002754 | I33: 4 | L33: 220V 1P
B34: 31 | E34: 5 | F34: 2013 | G34: - | H34: 9002754 | I34: 5 | L34: 220V 1P
B35: 32 | D35: TWM-106 | E35: 6 | F35: 2015 | G35: A-380 | H35: 9002754 | I35: 6 | L35: 220V 1P
B36: 33 | C36: OTEC Honing | D36: OTEC | E36: 1 | F36: 2013 | G36: SF130040 | H36: 9006006 | I36: 1 | L36: 400V | R36: Cellro | S36: Fanuc | T36: Arcmate 100iC
B37: 34 | C37: Studer | D37: S36 | E37: 1 | F37: 1998 | G37: 020.0619.90.073 | H37: 9004210 | I37: 1 | L37: 380V
B38: 35 | D38: S33 | E38: 1 | F38: 2006 | G38: 027.0384 | H38: 9003628 | I38: 1 | L38: 400V 29A
B39: 36 | C39: DMG MORI Turning | D39: NZX2000 | E39: 1 | F39: 2021 | G39: NZX23201102 | H39: 9004894 | I39: 1 | L39: 220V 104kVA | R39: Robojob | S39: Fanuc | T39: M-20iA
B40: 37 | D40: NZX2000 | E40: 1 | F40: 2023 | G40: NZX23230603 | H40: 9004894 | I40: 2 | L40: 200V 116KVA
B41: 38 | C41: TOYODA Grinding | D41: GL5Ai-63 | E41: 1 | F41: 2021 | G41: RG-0085 | H41: 9007943 | I41: 1 | L41: 220V 37kVA | R41: Toyoda | S41: Fanuc | T41: CRX-10iA
B42: 39 | C42: Laser Marking | D42: Compactmark G6 | E42: 4 | F42: 2016 | G42: LMEJ28285 | H42: 9001807 | I42: 9 | L42: 220V 0.8kVA
B43: 40 | D43: 하이테크월드 | E43: 1 | F43: 2023 | G43: HW2208-H173 | H43: 9008149 | I43: 1 | L43: 220V | R43: High-Tech | S43: Fanuc | T43: M-10iD12
B44: 41 | C44: Sand Blast | D44: DSTT-1410 | E44: 1 | F44: 2006 | G44: - | H44: 9004069 | I44: 1 | W44: M/C팀 위치
B45: 42 | D45: Neo blast M-800 | F45: 2024 | G45: NB M-800 | H45: 6272816 | I45: 1 | W45: 위치???????
H80: 9003763

Sheet 세라믹
B2: Ceramic Machine List
B3: NO | C3: Name | D3: Model | E3: No. | F3: Year | G3: Serial No. | H3: Gal Item No. | I3: No.2 | J3: WCN | K3: PPC | L3: Main Supply | M3: Remark1 | N3: PLC | O3: Model | P3: HMI | Q3: Model | R3: Automation | S3: Robot | T3: Model | U3: Controller | V3: Remark2 | W3: Fire Ext.
B4: 1 | C4: Waida Periphery Grinder | D4: AP710A | E4: 1 | F4: 2009 | G4: 124 | H4: 9005443 | I4: 1 | L4: 200V 14kVA | R4: Waida | S4: IAI | T4: IX-NNW7020 | U4: XSEL-QX5-NNW7020-100A-PR-E-EEE-0-3-SP | W4: Kraft&Bauer
B5: 2 | E5: 2 | F5: 2010 | G5: 123 | H5: 9005443 | I5: 2 | R5: Waida | S5: IAI | T5: IX-NNW7020 | U5: XSEL-QX5-NNW7020-100A-PR-E-EEE-0-3-SP
B6: 3 | E6: 3 | F6: 2010 | G6: 121 | H6: 9005443 | I6: 3 | R6: Waida | S6: IAI | T6: IX-NNW7020 | U6: XSEL-QX5-NNW7020-100A-PR-E-EEE-0-3-SP
B7: 4 | E7: 4 | F7: 2010 | G7: 125 | H7: 9005443 | I7: 4 | R7: Waida | S7: IAI | T7: IX-NNW7020 | U7: XSEL-QX5-NNW7020-100A-PR-E-EEE-0-3-SP
B8: 5 | E8: 5 | F8: 2010 | G8: 126 | H8: 9005443 | I8: 5 | R8: Waida | S8: IAI | T8: IX-NNW7020 | U8: XSEL-QX5-NNW7020-100A-PR-E-EEE-0-3-SP
B9: 6 | E9: 6 | F9: 2010 | G9: 127 | H9: 9005443 | I9: 6 | R9: Waida | S9: IAI | T9: IX-NNW7020 | U9: XSEL-QX5-NNW7020-100A-PR-E-EEE-0-3-SP
B10: 7 | E10: 7 | F10: 2010 | G10: 133 | H10: 9005443 | I10: 7 | R10: Waida | S10: IAI | T10: IX-NNW7020 | U10: XSEL-QX5-NNW7020-100A-PR-E-EEE-0-3-SP
B11: 8 | E11: 8 | F11: 2010 | G11: 134 | H11: 9005443 | I11: 8 | R11: Waida | S11: IAI | T11: IX-NNW7020 | U11: XSEL-QX5-NNW7020-100A-PR-E-EEE-0-3-SP
B12: 9 | E12: 9 | F12: 2010 | G12: 135 | H12: 9005443 | I12: 9 | R12: Waida | S12: IAI | T12: IX-NNW7020 | U12: XSEL-QX5-NNW7020-100A-PR-E-EEE-0-3-SP
B13: 10 | E13: 10 | F13: 2010 | G13: 136 | H13: 9005443 | I13: 10 | R13: Waida | S13: IAI | T13: IX-NNW7020 | U13: XSEL-QX5-NNW7020-100A-PR-E-EEE-0-3-SP
B14: 11 | E14: 11 | F14: 2010 | G14: 137 | H14: 9005443 | I14: 11 | R14: Waida | S14: IAI | T14: IX-NNW7020 | U14: XSEL-QX5-NNW7020-100A-PR-E-EEE-0-3-SP
B15: 12 | E15: 12 | F15: 2012 | G15: 165 | H15: 9005443 | I15: 16 | R15: Waida | S15: IAI | T15: IX-NNW7020 | U15: XSEL-QX5-NNW7020-100A-PR-E-EEE-0-3-SP
B16: 13 | D16: APX105 | E16: 1 | F16: 2019 | G16: 179 | H16: 9000428 | I16: 5 | L16: 200V 12kVA | R16: Waida | S16: Yamaha | T16: YK800XGP | U16: SR1-X
B17: 14 | E17: 2 | F17: 2019 | G17: 180 | H17: 9000428 | I17: 6 | R17: Waida | S17: Yamaha | T17: YK800XGP | U17: SR1-X
B18: 15 | E18: 3 | F18: 2020 | G18: 192 | H18: 9000428 | I18: 10 | R18: Waida | S18: Yamaha | T18: YK800XGP | U18: SR1-X
B19: 16 | E19: 4 | F19: 2020 | G19: 194 | H19: 9000428 | I19: 11 | R19: Waida | S19: Yamaha | T19: YK800XGP | U19: SR1-X
B20: 17 | C20: Wendt | D20: WBM200/21 | E20: 1 | F20: 1990 | G20: 854032605X | H20: 9003506 | I20: 2 | L20: 380V
B21: 18 | D21: WBM222RP | E21: 1 | F21: 1995 | G21: 854143803A | H21: 9003511 | I21: 3
B22: 19 | C22: Lasertec50 | D22: DMG SAUER | E22: 1 | F22: 2011 | G22: 12010000147 | H22: 9006072 | I22: 1 | L22: 400V 54kVA | R22: HRT | S22: Universal | T22: UR10e | U22: UR10e
B23: 20 | C23: 원심분리기 | D23: SF-200A | E23: 1 | M23: 2023 폐기 예정
B24: 21 | E24: 2 | M24: 2023 폐기 예정
B25: 22 | E25: 3 | M25: 2023 폐기 예정
B26: 23 | C26: 초음파세척기 | D26: KSU-5ST-40H | E26: 1 | F26: 2024 | G26: 240718 | H26: 9005643 | I26: 2 | R26: * 기존 자동 세척기 폐기
B27: 24 | D27: 수동 | E27: 1 | F27: 1997 | G27: - | H27: - | I27: -
B28: 25 | C28: Wire Alpha-OIB | D28: Fanuc Robocut | E28: 1 | F28: 2003 | G28: 032B0492 | H28: 1154414 | I28: 1 | L28: 220V
B29: 26 | C29: Vaccum brazing | D29: VFS-MH-100 | E29: 1 | F29: 2017 | G29: VFS-MH-100 | H29: 6319547 | I29: 1 | AA29: 세라믹
B30: 27 | C30: EWAG | D30: RS-15 | E30: 1 | F30: 1994 | G30: 159506035 | H30: 9002616 | I30: 1 | L30: 220V | AA30: S/D #1 | AC30: S/D #3 | AE30: B/M #6 | AF30: B/M #7
B31: 28 | E31: 2 | F31: 2006 | G31: 15210264 | H31: 9002616 | I31: 2 | L31: 230V | R31: EWAG | S31: Fanuc | T31: LR Mate 200iD | AE31: B/M #8 | AF31: B/M #5
B32: 29 | C32: Polishing (Honing) | D32: - | E32: 1 | F32: - | H32: - | I32: - | AA32: Screen #1~3 | AE32: B/M #10 | AF32: B/M #9 | AG32: B/M #4
B33: 30 | C33: Tool grinder | D33: C-40 | E33: 1 | F33: 1995 | G33: 102041 | H33: 9005524 | I33: 4 | L33: 220V | AF33: B/M #2 | AG33: B/M #1
B34: 31 | C34: Laser marking | D34: LASIT | E34: 1 | F34: 2007 | G34: E9418 | H34: 9001807 | I34: 1 | L34: 400VAC
B35: 32 | C35: Blanchard 표면연삭 | D35: 11A20 | E35: 1 | F35: 1991 | G35: 15785 | H35: 9003505 | I35: 2 | L35: 110V | AB35: SP80 #1 | AC35: SP80 #2 | AE35: 화천선반 #1 | AF35: Milling M/C
B36: 33 | C36: EWAG | D36: Compact Line | E36: 1 | F36: 2022 | G36: 7188-0265 | H36: 9005001 | I36: 1 | W36: Kraft&Bauer | AA36: Daehwa 60t | AG36: Tool grinder
B37: 34 | C37: Debinding F'ce | D37: - | E37: 1 | F37: 2011 | G37: IVA-173 | H37: 9005935 | I37: 1 | AB37: Hyd #1 | AC37: Hyd #2 | AE37: 선반 #4 | AF37: Band saw | AG37: Wet CIP
B38: 35 | C38: Sinter F'ce | D38: High Vaccum | E38: 2 | F38: 1998 | H38: 9005677 | I38: 11
B39: 36 | D39: H/N | E39: 1 | F39: 2004 | H39: 9005589 | I39: 1 | AB39: Debinding | AC39: FCT SIN#2
B40: 37 | E40: 2 | F40: 2004 | H40: 9005589 | I40: 2 | AB40: H/N#5 | AC40: FCT SIN#3
B41: 38 | E41: 5 | F41: 2005 | H41: 9003672 | I41: 1 | AB41: H/N#2 | AC41: FCT 소결로#2 | AE41: Kobe Sinter
B42: 39 | C42: FCT Sinter F'ce | D42: High Temp. | E42: 1 | F42: 2013 | G42: 8339-TAE | H42: 9003391 | I42: 2 | AB42: H/N#1 | AC42: 고온 소결로#1 | AE42: Kobe HIP
B43: 40 | D43: Sinter HIP | E43: 2 | F43: 2005 | G43: S8245 | H43: 9005516 | I43: 1 | L43: 440V 210kVA
B44: 41 | E44: 3 | F44: 2014 | G44: 8340-TAE | H44: 9005516 | I44: 2 | AA44: WBM200/21 | AB44: WBM222RP | AE44: 원심분리기#1
B45: 42 | C45: Kobe Sinter F'ce | D45: HIP | E45: 1 | F45: 1997 | H45: 9003394 | I45: 1 | AA45: Lasertec 50 | AE45: 원심분리기#2 | AG45: 원심분리기#3
B46: 43 | D46: Sinter HIP | E46: 1 | F46: 1995 | H46: 9003395 | I46: 1 | AE46: U.C 자동 | AG46: Polishing
B47: 44 | C47: Dorst Press | D47: Hydraulic | E47: 1 | F47: 2005 | G47: 300228 | H47: 9002763 | I47: 9 | R47: Shafir | S47: Fanuc | T47: A-520i | AC47: AP710 #11 | AE47: U.C 수동 | AF47: Vaccum brazing F'ce
B48: 45 | E48: 2 | F48: 2004 | G48: 300068 | H48: 9002763 | I48: 13 | R48: Shafir | S48: Fanuc | T48: A-520i | AC48: AP710 #10 | AF48: Alpha-OIB
B49: 46 | C49: Osterwalder Press | D49: SP80 | E49: 1 | F49: 2024 | G49: MN6108 | H49: 9008141 | I49: 1 | AB49: AP710 #12 | AC49: AP710 #9 | AE49: EWAG | AF49: Tool G/R C-40
B50: 47 | D50: SP80 | E50: 2 | F50: 2024 | G50: MN6107 | H50: 9008141 | I50: 2 | AB50: APX105 #4 | AC50: AP710 #8 | AE50: AP710 #7 | AF50: EWAG RS15#1
B51: 48 | C51: Daehwa 60ton Press | D51: 60 ton | E51: 1 | F51: 2023 | G51: DMC-60-2396305 | H51: 9003998 | I51: 1 | S51: Fanuc | T51: M-10iD12 | AB51: APX105 #3 | AC51: AP710 #4 | AE51: AP710 #3 | AF51: EWAG RS15#2
B52: 49 | C52: Lathe | D52: GLML-008 | E52: 1 | F52: 1980 | G52: EH01 | H52: 6321835 | I52: 1 | AB52: APX105 #2 | AC52: AP710 #5 | AE52: AP710 #2 | AF52: Laser marking #2
B53: 50 | C53: Lathe | D53: GLML-011 | E53: 4 | F53: 1987 | G53: 24103 | H53: 6321836 | I53: 1 | AB53: APX105 #1 | AC53: AP710 #6 | AE53: AP710 #1 | AF53: Blanchard 표면연삭기
B54: 51 | C54: Wet CIP | D54: - | E54: 1 | F54: 1977 | G54: E77-0385-1 | H54: 6321834 | I54: 1
B55: 52 | C55: Tool grinder | D55: TG-46 | E55: 1 | F55: - | G55: 32039 | H55: - | I55: -
B56: 53 | C56: Milling M/C | D56: HMTU-1100 | E56: 1 | F56: 1992 | G56: 380061 | H56: 9005534 | I56: 1
B57: 54 | C57: Band saw | D57: HV400N | E57: 1 | F57: 1991 | G57: GCBS-005 | H57: 6321837 | I57: 1
B58: 55 | C58: Ball Mill | D58: Stand B/M | E58: 1 | F58: 2012 | G58: - | H58: 9006649 | I58: 3
B59: 56 | E59: 2 | F59: 2012 | G59: - | H59: 9006649 | I59: 4
B60: 57 | D60: B/M | E60: 4 | F60: 2001 | G60: 21412707 | H60: 9005645 | I60: 2
B61: 58 | E61: 5 | F61: 2001 | G61: 21412705 | H61: 9005645 | I61: 3
B62: 59 | E62: 6 | F62: 2012 | G62: 21412701 | H62: 9006651 | I62: 1
B63: 60 | E63: 7 | F63: 2013 | G63: 21412702 | H63: 9006651 | I63: 2
B64: 61 | E64: 8 | F64: 2012 | G64: 21412706 | H64: 9006649 | I64: 2
B65: 62 | E65: 9 | F65: 2012 | G65: 21412707 | H65: 9006649 | I65: 1
B66: 63 | E66: 10 | F66: 2005 | G66: 21412703 | H66: 9005647 | I66: 1
B67: 64 | C67: Spray Dryer | D67: DKT-30KR | E67: 1 | F67: 1991 | G67: - | H67: 9005648 | I67: 1
B68: 65 | D68: DCR-3 | E68: 3 | F68: 1995 | G68: - | H68: 9005649 | I68: 1
B69: 66 | C69: Screen | D69: - | E69: 1 | F69: - | H69: - | I69: -
B70: 67 | E70: 2 | F70: - | G70: 2023 폐기예정 | H70: - | I70: -
B71: 68 | E71: 3 | F71: - | H71: - | I71: -
H84: 9003763

Sheet QA
B2: QA Machine List
B3: NO | C3: Name | D3: Model | E3: No. | F3: Year | G3: Serial No. | H3: Gal Item No. | I3: No.2 | J3: WCN | K3: PPC | L3: Main Supply | M3: Remark1 | N3: PLC | O3: Model | P3: HMI | Q3: Model | R3: Automation | S3: Robot | T3: Model | U3: Controller | V3: Remark2 | AB3: 검사실-1
B4: 1 | C4: AVIM | E4: 1 | F4: 2008 | H4: 9004480 | I4: 1 | R4: 성림비전 | S4: Adept | T4: S600 | AB4: AVIM #1
B5: 2 | E5: 2 | F5: 2009 | H5: 9004480 | I5: 2 | R5: 성림비전 | S5: Adept | T5: S800 | AB5: AVIM #2 | AC5: AVIM #3
B6: 3 | E6: 3 | F6: 2011 | H6: 9004480 | I6: 3 | R6: 성림비전 | S6: Adept | T6: S800
B7: 4 | E7: 4 | F7: 2014 | H7: 9006290 | I7: 1 | R7: 성림비전 | S7: Adept | T7: S800 (Dual) | AA7: 검사실-2
B8: 5 | E8: 5 | F8: 2014 | H8: 9006290 | I8: 2 | R8: 성림비전 | S8: Adept | T8: S800 (Dual) | AB8: AVIM #6 | AC8: AVIM #4
B9: 6 | D9: AVIM-23-01 | E9: 6 | F9: 2023 | G9: SR23-09-01 | H9: 9008162 | I9: 1 | L9: 220V 3상 | R9: 성림비전 | S9: Cartesian | AA9: Demagnet | AB9: ADIM | AC9: AVIM #5
B10: 7 | C10: ADIM | D10: HIM-M | E10: 1 | F10: 2024 | G10: WHIM404001 | H10: 9008318 | I10: 2 | R10: 윈텍 | AA10: Laser Mark | AB10: Okano #1 | AC10: Okano #3
B11: 8 | C11: HC/RMS | D11: SM-HC | E11: 1 | F11: 2012 | H11: 9006062 | I11: 1 | R11: 석진산업 | S11: Yamaha | T11: TH850A | AA11: Inkjet | AB11: Okano #2 | AC11: Okano #4
C16: Vision Inspection/Loading machine List
C17: Department | D17: Model | E17: Year | F17: Serial No. | G17: Gal Item No. | H17: Vendor | R17: 전기도면 | S17: 하드백업 | T17: 배선도
C18: Coating 1 | D18: PVD Loading | E18: 2013 | F18: SN1915 | G18: 9006017 | H18: Okano | R18: O
D19: PVD Unloading | E19: 2018 | F19: TTL-1717 | G19: 9010018 | H19: 바이텍 | R19: X
D20: PVD Unloading | E20: 2022 | F20: WPVD1M9002 | G20: 9008076 | H20: 윈텍
D21: CVD Loading | E21: 2013 | F21: SN-1916 | G21: 9001904 | H21: Okano
D22: CVD Unloading | E22: 2018 | F22: TTL-1715 | G22: 9000548 | H22: 바이텍
C23: Coating 2 | D23: PVD Loading | E23: 2022 | F23: WPVD1M9001 | G23: 9008077 | H23: 윈텍
D24: PVD Loading | E24: 2012 | F24: 1743 | G24: 9006017 | H24: Okano
D25: PVD Unloading | E25: 2018 | F25: - | G25: 9010018 | H25: 바이텍
D26: CVD Loading | E26: 2012 | F26: 16678 | G26: 9006018 | H26: Okano
D27: CVD Unloading | E27: 2017 | F27: - | G27: 9000548 | H27: 바이텍
C28: QA | D28: AVIM | E28: 2008 | G28: 9004480 | H28: 성림비전
E29: 2009 | G29: 9004480 | H29: 성림비전
E30: 2011 | G30: 9004480 | H30: 성림비전
E31: 2014 | G31: 9006290 | H31: 성림비전
E32: 2014 | G32: 9006290 | H32: 성림비전
E33: 2023 | F33: SR23-09-01 | G33: 9004480 | H33: 성림비전
H83: 9003763

Sheet 성능
B2: Tech-Center Machine List
B3: NO | C3: Name | D3: Model | E3: No. | F3: Year | G3: Serial No. | H3: Gal Item No. | I3: No.2 | J3: WCN | K3: PPC | L3: Main Supply | M3: Remark1 | N3: PLC | O3: Model | P3: HMI | Q3: Model | S3: 성능시험팀
B4: 1 | C4: Mori-Seiki Vertical | D4: NVD4000DCG | E4: 1 | F4: 2008 | G4: NV401HF1414 | H4: 9004837 | I4: 1 | S4: VRX630 | U4: PUMA480
B5: 2 | D5: MV-653 | E5: 1 | F5: 2008 | G5: MV653HE0489 | H5: 9002887 | I5: 4 | S5: NVD4000 | U5: PUMA4100 | W5: G550 | X5: VM750
B6: 3 | C6: Mazak | D6: Inter E-500H | E6: 1 | F6: 2010 | G6: 221864 | H6: 9003627 | I6: 1 | S6: Yamage | U6: PUMA300
B7: 4 | D7: VRX630-5X2 | E7: 1 | F7: 2010 | G7: 550223969 | H7: 9002909 | I7: 1 | S7: VM650 | U7: Puma2100
B8: 5 | D8: Integrex i-350H | E8: 1 | F8: 2023 | G8: 344751 | H8: 9009986 | I8: 1 | S8: MV653 | W8: E-500H | X8: i-350H
B9: 6 | C9: Puma Turning | D9: PUMA480 | E9: 1 | F9: 2008 | G9: PM4800158 | H9: 9004840 | I9: 1 | T9: STAR
B10: 7 | D10: PUMA4100A | E10: 1 | F10: 2019 | G10: ML0272-000055 | H10: 9007627 | I10: 1
B11: 8 | D11: PUMA300LC | E11: 1 | F11: 2014 | G11: ML0065-003900 | H11: 9007078 | I11: 1
B12: 9 | D12: PUMA2100L | E12: 1 | F12: 2022 | G12: ML0095-000346 | H12: 9008103 | I12: 1
B13: 10 | C13: Doosan Turning | D13: VM750 | E13: 1 | F13: 2019 | G13: MV0026-001425 | H13: 9007634 | I13: 1
B14: 11 | D14: VM650 | E14: 1 | F14: 2002 | G14: AM650032 | H14: 6178940 | I14: 1
B15: 12 | C15: STAR | D15: SR-32J2 II-A | E15: 1 | F15: 2017 | G15: 0129(lot.017) | H15: 9000706 | I15: 1
B16: 13 | C16: Yamage Milling | D16: YFC-V500 | E16: 1 | F16: 1999 | G16: 5074 | H16: 6177951 | I16: 1
B17: 14 | C17: GROB | D17: G550 | E17: 1 | F17: 2023 | G17: G552-10255 | H17: 9008197 | I17: 1
H83: 9003763

Sheet Tech-Office
B2: Tech-Office Machine List
B3: NO | C3: Name | D3: Model | E3: No. | F3: Year | G3: Serial No. | H3: Gal Item No. | I3: No.2 | J3: WCN | K3: PPC | L3: Main Supply | M3: Remark1
B4: 1 | C4: 3D Print | D4: M2 CUSING | E4: 1 | F4: 2018 | G4: 6618G03063 | I4: 1
B5: 2 | D5: M2 SERIES-5 DL-400 | E5: 1 | F5: 2023 | G5: GEADDL-M2-900157 | H5: 9008165 | I5: 1 | S5: Tech (Drill)
A6: ㅑ | B6: 3 | D6: M2 SERIES-5 DL-400 | E6: 2 | F6: 2023 | G6: GEADDL-M2-900158 | H6: 9008165 | I6: 2 | S6: 3D Print | T6: 3D Print | U6: AVIM #4 | W6: 3D Print | X6: Wire Cutting
B7: 4 | C7: Wire cutting | D7: CUT AM 500 FAC2 | E7: 1 | F7: 2023 | G7: 394.900.223.0099 | H7: 9008104 | I7: 1 | J7: DDB | K7: F01 | U7: AVIM #5
H83: 9003763

Sheet Robot
H1: 2024.02.05
E2: TTK - Robot List (CT)
E4: Robot Maker | F4: Robot Model | G4: Robot Qty | H4: Total Qty
E5: Fanuc | F5: A-510i | G5: =COUNTIF('Ref.Data'!E:E,"A-510i") -> 1 | H5: =SUM(G5:G16) -> 71
F6: A-520iA | G6: =COUNTIF('Ref.Data'!E:E,"A-520iA") -> 22
F7: Arcmate 100iC | G7: =COUNTIF('Ref.Data'!E:E,"Arcmate 100iC") -> 1
F8: Arcmate 120iC | G8: =COUNTIF('Ref.Data'!E:E,"Arcmate 120iC") -> 2
F9: LR Mate 200iB | G9: =COUNTIF('Ref.Data'!E:E,"LR Mate 200iB") -> 3
F10: LR Mate 200iC | G10: =COUNTIF('Ref.Data'!E:E,"LR Mate 200iC") -> 10
F11: LR Mate 200iD | G11: =COUNTIF('Ref.Data'!E:E,"LR Mate 200iD") -> 21
F12: CRX-10iA | G12: =COUNTIF('Ref.Data'!E:E,"CRX-10iA") -> 1
F13: M-10iD12 | G13: =COUNTIF('Ref.Data'!E:E,"M-10iD12") -> 1
F14: M-20iA | G14: =COUNTIF('Ref.Data'!E:E,"M-20iA") -> 4
F15: M-20iD | G15: =COUNTIF('Ref.Data'!E:E,"M-20iD") -> 1
F16: SR-6iA | G16: =COUNTIF('Ref.Data'!E:E,"SR-6iA")+2*COUNTIF('Ref.Data'!E:E,"SR-6iA (Dual)") -> 4
E18: Adept | F18: Cobra 600 | G18: =COUNTIF('Ref.Data'!E:E,"Cobra 600")+2*COUNTIF('Ref.Data'!E:E,"Cobra 600 (Dual)") -> 8 | H18: =SUM(G18:G22) -> 55
F19: Cobra S600 | G19: =COUNTIF('Ref.Data'!E:E,"Cobra S600")+2*COUNTIF('Ref.Data'!E:E,"Cobra S600 (Dual)") -> 32
F20: Cobra S800 | G20: 12
F21: eCobra 800 | G21: 2
F22: Quattro S650H | G22: 1
E24: IAI | F24: Cartesian | G24: 8 | H24: =SUM(G24:G26) -> 32
F25: IX-NNW6020 | G25: =COUNTIF('Ref.Data'!E:E,"IX-NNW6020") -> 4
F26: IX-NNW7020 | G26: =COUNTIF('Ref.Data'!E:E,"IX-NNW7020") -> 20
E28: Toshiba | F28: TH850A | G28: =COUNTIF('Ref.Data'!E:E,"TH850A") -> 20 | H28: =SUM(G28) -> 20
E30: Yamaha | F30: YK800XGP | G30: =COUNTIF('Ref.Data'!E:E,"YK800XGP") -> 16 | H30: =SUM(G30) -> 16
E32: Staubli | F32: SR8 Plus | G32: 7 | H32: =SUM(G32:G33) -> 8
F33: TS80 | G33: 1
E35: Yaskawa | F35: HP20F | G35: =COUNTIF('Ref.Data'!E:E,"HP20F") -> 5 | H35: =SUM(G35) -> 5
E37: Mitsubishi | F37: RV-4FRL | G37: =COUNTIF('Ref.Data'!E:E,"RV-4FRL") -> 2 | H37: 2
E39: Universal | F39: Lasertec 50 | G39: 1 | H39: 1
E41: Cartesian | F41: Rollomatic | G41: 51 | H41: =SUM(G41:G45) -> 67
F42: ANCA | G42: 3
F43: Walter | G43: 3
F44: SIRON | G44: 2
F45: Coating Loading | G45: 8
E47: Cylindrical | F47: Hermle Shafir | G47: 20 | H47: 31
F48: Makino Erowa | G48: 11
E50: Total | H50: =SUM(H5:H49) -> 308

Sheet Ref.Data
B2: No. | C2: Automation | D2: Robot | E2: Robot Model | F2: Machine | G2: Machine model | H2: Year
B3: 1 | C3: Shafir | D3: Fanuc | E3: A-520iA | F3: Dorst Mechanical Press | G3: 15ton | H3: 1991
B4: 2 | C4: Shafir | D4: Fanuc | E4: A-520iA | F4: Dorst Mechanical Press | G4: 6ton | H4: 1991
B5: 3 | C5: Shafir | D5: Fanuc | E5: A-520iA | F5: Dorst Hydraulic Press | G5: TPA15HS | H5: 2004
B6: 4 | C6: Shafir | D6: Fanuc | E6: A-520iA | F6: Dorst Hydraulic Press | G6: TPA15HS | H6: 2004
B7: 5 | C7: Shafir | D7: Fanuc | E7: A-520iA | F7: Dorst Hydraulic Press | G7: TPA15HS | H7: 2005
B8: 6 | C8: Shafir | D8: Fanuc | E8: A-520iA | F8: Dorst Hydraulic Press | G8: TPA15HS | H8: 2005
B9: 7 | C9: Shafir | D9: Fanuc | E9: A-520iA | F9: Dorst Hydraulic Press | G9: TPA15HS | H9: 2005
B10: 8 | C10: Shafir | D10: Fanuc | E10: A-520iA | F10: Dorst Hydraulic Press | G10: TPA15HS | H10: 2005
B11: 9 | C11: Shafir | D11: Fanuc | E11: A-520iA | F11: Dorst Hydraulic Press | G11: TPA15HS | H11: 2005
B12: 10 | C12: Shafir | D12: Fanuc | E12: A-520iA | F12: Dorst Hydraulic Press | G12: TPA15HS | H12: 2005
B13: 11 | C13: Shafir | D13: Fanuc | E13: A-520iA | F13: Dorst Hydraulic Press | G13: TPA15HS | H13: 2005
B14: 12 | C14: Shafir | D14: Fanuc | E14: A-520iA | F14: Dorst Hydraulic Press | G14: TPA15HS | H14: 2005
... B28: 26 | C28: Iscar | D28: Fanuc | E28: LR Mate 200iD | F28: Iscar EP Press | G28: 32ton | H28: 2017
B29: 27 | C29: Iscar | D29: Toshiba | E29: TH850A | F29: Iscar EP Press | G29: 32ton
B30: 28 | C30: Iscar | D30: Staubli | E30: SR8 plus | F30: Auto Loading | G30: Old | H30: 2006
B31: 29 | C31: Iscar | D31: Staubli | E31: SR8 plus | F31: Auto Loading | G31: Old | H31: 2008
B32: 30 | C32: Iscar | D32: Staubli | E32: SR8 plus | F32: Auto Loading | G32: Old | H32: 2008
B33: 31 | C33: Iscar | D33: Staubli | E33: SR8 plus | F33: Auto Loading | G33: Old | H33: 2010
B34: 32 | C34: Iscar | D34: Staubli | E34: SR8 plus | F34: Auto Loading | G34: Old | H34: 2010
B35: 33 | C35: Iscar | D35: Toshiba | E35: TH850A | F35: Auto Loading | G35: New | H35: 2021
B36: 34 | C36: Iscar | D36: Toshiba | E36: TH850A | F36: Auto Loading | G36: New | H36: 2021
B37: 35 | C37: Shafir | D37: Toshiba | E37: TH850A | F37: Kobayashi Press | G37: DX2-10ADT | H37: 2011
B38: 36 | C38: Shafir | D38: Toshiba | E38: TH850A | F38: Kobayashi Press | G38: DX2-10ADT | H38: 2011
B39: 37 | C39: Shafir | D39: Toshiba | E39: TH850A | F39: Kobayashi Press | G39: DX2-10ADT | H39: 2011
B40: 38 | C40: Shafir | D40: Toshiba | E40: TH850A | F40: Kobayashi Press | G40: DX2-10ADT | H40: 2011
B41: 39 | C41: Shafir | D41: Toshiba | E41: TH850A | F41: Kobayashi Press | G41: DX2-10ADT | H41: 2011
B42: 40 | C42: Shafir | D42: Toshiba | E42: TH850A | F42: Kobayashi Press | G42: DX2-10ADT | H42: 2011
B43: 41 | C43: Shafir | D43: Toshiba | E43: TH850A | F43: Kobayashi Press | G43: DX2-10ADT | H43: 2011
B44: 42 | C44: Shafir | D44: Toshiba | E44: TH850A | F44: Kobayashi Press | G44: DX2-10ADT | H44: 2011
B45: 43 | C45: Shafir | D45: Toshiba | E45: TH850A | F45: Kobayashi Press | G45: DX2-10ADT | H45: 2011
B46: 44 | C46: Shafir | D46: Toshiba | E46: TH850A | F46: Kobayashi Press | G46: DX2-10ADT | H46: 2011
B47: 45 | C47: Shafir | D47: Toshiba | E47: TH850A | F47: Kobayashi Press | G47: DX2-10ADT | H47: 2012
B48: 46 | C48: Shafir | D48: Toshiba | E48: TH850A | F48: Kobayashi Press | G48: DX2-10ADT | H48: 2012
... B51: 49 | C51: Shafir | D51: Toshiba | E51: TH850A | F51: Kobayashi Press | G51: DX2-10ADT | H51: 2012
B52: 50 | C52: Shafir | D52: Fanuc | E52: LR Mate 200iD | F52: Osterwalder Press | G52: SP160 | H52: 2021
B53: 51 | C53: Shafir | D53: Fanuc | E53: LR Mate 200iD | F53: Osterwalder Press | G53: SP160 | H53: 2021
B54: 52 | C54: Shafir | D54: Fanuc | E54: LR Mate 200iD | F54: Osterwalder Press | G54: SP160 | H54: 2021
B55: 53 | C55: Shafir | D55: Fanuc | E55: LR Mate 200iD | F55: Osterwalder Press | G55: SP160 | H55: 2021
B56: 54 | C56: Shafir | D56: Fanuc | E56: LR Mate 200iD | F56: Osterwalder Press | G56: SP160 | H56: 2021
B57: 55 | C57: Shafir | D57: Fanuc | E57: LR Mate 200iD | F57: Osterwalder Press | G57: SP160 | H57: 2021
B58: 56 | C58: Shafir | D58: Fanuc | E58: LR Mate 200iD | F58: Osterwalder Press | G58: SP160 | H58: 2021
B59: 57 | C59: Shafir | D59: Fanuc | E59: LR Mate 200iD | F59: Osterwalder Press | G59: SP160 | H59: 2021
B60: 58 | C60: Shafir | D60: Fanuc | E60: LR Mate 200iD | F60: Osterwalder Press | G60: SP160 | H60: 2021
B61: 59 | C61: Shafir | D61: Fanuc | E61: LR Mate 200iD | F61: Osterwalder Press | G61: SP160 | H61: 2021
B62: 60 | C62: Iscar | D62: Staubli | E62: SR8 plus | F62: Auto Loading | G62: Old | H62: 2009
B63: 61 | C63: Iscar | D63: Staubli | E63: SR8 plus | F63: Auto Loading | G63: Old | H63: 2009
B64: 62 | C64: Iscar | D64: Toshiba | E64: TH850A | F64: Auto Loading | G64: New | H64: 2021
B65: 63 | C65: Wendt | D65: Adept | E65: Cobra 600 | F65: Wendt WAC735 | G65: Scalar | H65: 2004
B66: 64 | C66: Wendt | D66: Adept | E66: Cobra 600 | F66: Wendt WAC735 | G66: Scalar | H66: 2004
B67: 65 | C67: Wendt | D67: Adept | E67: Cobra 600 | F67: Wendt WAC735 | G67: Scalar | H67: 2004
B68: 66 | C68: Wendt | D68: Adept | E68: Cobra 600 | F68: Wendt WAC735 | G68: Scalar | H68: 2004
B69: 67 | C69: Wendt | D69: Adept | E69: Cobra 600 | F69: Wendt WAC735 | G69: Scalar | H69: 2004
B70: 68 | C70: Wendt | D70: Adept | E70: Cobra S600 | F70: Wendt WAC735 | G70: Scalar | H70: 2004
B71: 69 | C71: Wendt | D71: Adept | E71: Cobra S600 | F71: Wendt WAC735 | G71: Scalar | H71: 2004
B72: 70 | C72: Wendt | D72: Adept | E72: Cobra S600 | F72: Wendt WAC735 | G72: Scalar | H72: 2004
B73: 71 | C73: Wendt | D73: Adept | E73: Cobra S600 | F73: Wendt WAC735 | G73: Scalar | H73: 2004
B74: 72 | C74: Wendt | D74: Adept | E74: Cobra S600 | F74: Wendt WAC735 | G74: Scalar | H74: 2004
B75: 73 | C75: Wendt | D75: Adept | E75: Cobra S600 | F75: Wendt WAC735 | G75: Scalar | H75: 2005
... B281: 277 | C281: Bitech | D281: Cartesian | E281: Cartesian | F281: Bitech | G281: CVD Unloading | H281: 2018
B282: 278 | C282: Okano | D282: Cartesian | E282: Cartesian | F282: Okano | G282: PVD Loading | H282: 2013
B283: 278 | C283: Shafir | D283: Fanuc | E283: A-520iA | F283: Dorst Press | G283: Hydraulic | H283: 2005
B284: 279 | C284: Bitech | D284: Cartesian | E284: Cartesian | F284: Bitech | G284: PVD Unloading | H284: 2018
B285: 279 | C285: Shafir | D285: Fanuc | E285: A-520iA | F285: Dorst Press | H285: 2004
B286: 280 | C286: Okano | D286: Cartesian | E286: Cartesian | F286: Okano | G286: CVD Loading | H286: 2012
B287: 280 | C287: Shafir | D287: Fanuc | E287: A-510i | F287: Dorst Press | G287: Mechanical | H287: 1991
B288: 281 | C288: Bitech | D288: Cartesian | E288: Cartesian | F288: Bitech | G288: CVD Unloading | H288: 2017
B289: 281 | C289: 성림비전 | D289: Adept | E289: Cobra 600 | F289: AVIM | G289: - | H289: 2008
B290: 282 | C290: Okano | D290: Cartesian | E290: Cartesian | F290: Okano | G290: PVD Loading | H290: 2012
B291: 282 | C291: 성림비전 | D291: Adept | E291: Cobra S800 | F291: AVIM | G291: - | H291: 2009
B292: 283 | C292: Wintech | D292: Mitsubishi | E292: RV-4FRL | F292: Wintech | G292: PVD Loading | H292: 2022
B293: 283 | C293: 성림비전 | D293: Adept | E293: Cobra S800 | F293: AVIM | G293: - | H293: 2011
B294: 284 | C294: Bitech | D294: Cartesian | E294: Cartesian | F294: Bitech | G294: PVD Unloading | H294: 2018
B295: 284 | C295: 성림비전 | D295: Adept | E295: Cobra S800 (Dual) | F295: AVIM | G295: - | H295: 2014
B296: 285 | C296: Wintech | D296: Mitsubishi | E296: RV-4FRL | F296: Wintech | G296: PVD Unloading | H296: 2022
B297: 285 | C297: 성림비전 | D297: Adept | E297: Cobra S800 (Dual) | F297: AVIM | G297: - | H297: 2014
... B299: 287 | C299: Waida | D299: Fanuc | E299: LR Mate 200iD | F299: Waida Periphery Grinder | G299: APX-F50 | H299: 2023

Sheet 전기

Sheet 공통

Sheet RawData
A1: ITEM_NO | B1: STOCK
A2: 6145061 | B2: 0
A3: 6216042 | B3: 8
A4: 962118 | B4: 0
A5: 6249865 | B5: 0
A6: 6304093 | B6: 12
A7: 6291188 | B7: 1
A8: 964627 | B8: 0
A9: 6167922 | B9: 1
A10: 1251598 | B10: 23
A11: 621688E | B11: 1
A12: 955732 | B12: 7
A13: 6292057 | B13: 1
A14: 6342809 | B14: 0
A15: 6306296 | B15: 0
A16: 6238214 | B16: 17
A17: 6199953 | B17: 6
A18: 6274699 | B18: 3
A19: 1251928 | B19: 1
A20: 6321162 | B20: 0
A21: 6216336 | B21: 1
A22: 6336939 | B22: 0
A23: 6182193 | B23: 0
... A86: 951111 | B86: 9
A87: 622874E | B87: 0
A88: 6215227 | B88: 2
A89: 6317508 | B89: 4
A90: 6191579 | B90: 2
A91: 6197983 | B91: 0
A92: 6264258 | B92: 0
A93: 6292805 | B93: 2
A94: 963827 | B94: 0
A95: 960733 | B95: 4
A96: 6302071 | B96: 1
A97: 6157158 | B97: 0
A98: 6310063 | B98: 4
A99: 7550172 | B99: 0
... A233: 6217668 | B233: 3
A234: 622650E | B234: 6
A235: 6241995 | B235: 0
A236: 1252221 | B236: 0
A237: 6238954 | B237: 2
A238: 6234686 | B238: 2
A239: 6216393 | B239: 6
A240: 751113 | B240: 1
A241: 1251789 | B241: 4
A242: 6340806 | B242: 0
A243: 6252790 | B243: 0
A244: 962340 | B244: 0
A245: 6345131 | B245: 1
A246: 1052128 | B246: 1
... A444: 750262 | B444: 0
A445: 622654E | B445: 0
A446: 6280359 | B446: 0
A447: 6325331 | B447: 0
A448: 6140444 | B448: 5
A449: 6335900 | B449: 1
A450: 6225007 | B450: 0
A451: 6345584 | B451: 0
A452: 1053677 | B452: 0
A453: 1553256 | B453: 0
A454: 954767 | B454: 0
A455: 6248723 | B455: 1
A456: 6262842 | B456: 2
A457: 6341770 | B457: 8
... A523: 6246934 | B523: 7
A524: 620955E | B524: 5
A525: 6340587 | B525: 0
A526: 957876 | B526: 0
A527: 6242080 | B527: 0
A528: 6116158 | B528: 2
A529: 1052919 | B529: 2
A530: 1252445 | B530: 0
A531: 6319437 | B531: 2
A532: 6255840 | B532: 1
A533: 6324640 | B533: 0
A534: 1053193 | B534: 5
A535: 6185731 | B535: 1
A536: 6119960 | B536: 0
... A794: 6312366 | B794: 8
A795: 621690E | B795: 1
A796: 6152650 | B796: 2
A797: 3458216 | B797: 1
A798: 6238509 | B798: 4
A799: 6287394 | B799: 3
A800: 6217875 | B800: 1
A801: 6248904 | B801: 0
A802: 6275281 | B802: 20
A803: 6241425 | B803: 10
A804: 6153991 | B804: 1
A805: 6244820 | B805: 0
A806: 6340640 | B806: 1
A807: 1053374 | B807: 0
... A905: 961651 | B905: 0
A906: 621544E | B906: 1
A907: 6215610 | B907: 2
A908: 6283328 | B908: 2
A909: 1054398 | B909: 1
A910: 6267083 | B910: 3
A911: 6342724 | B911: 0
...

Sheet 현황개요
B2: CT 생산장비 현황 | R2: 2024.12.04
B4: 합금1 | C4: Press | F4: 연삭1 | G4: Grinding | J4: M/C | K4: Milling | N4: Alloy 1 | O4: =D8 -> 56 | Q4: Tools | R4: =H29 -> 91
C5: Sinter | G5: Sand | K5: Turning
C6: Sand | G6: etc | K6: Grinding | N6: Alloy 2 | O6: =D13 -> 34 | Q6: M/C | R6: =L8 -> 51
C7: etc | G7: SUM | H7: =CT세부사항!H32 -> 91 | K7: etc
C8: SUM | D8: =CT세부사항!D21 -> 56 | K8: SUM | L8: =CT세부사항!P27 -> 51 | N8: Die 1 | O8: =D19 -> 25 | Q8: Drill | R8: =L13 -> 42
F9: 연삭2 | G9: Grinding
B10: 합금2 | C10: Press | G10: Sand | J10: 드릴 | K10: Milling | N10: Die 2 | O10: =D25 -> 10 | Q10: Ceramic | R10: =L21 -> 67
C11: Sinter | G11: etc | K11: Drilling/Twist
C12: etc | G12: SUM | H12: =CT세부사항!H54 -> 73 | K12: etc | N12: Grinding 1 | O12: =H7 -> 91 | Q12: Q/A | R12: =L25 -> 8
C13: SUM | D13: =CT세부사항!D29 -> 34 | K13: SUM | L13: =CT세부사항!P46 -> 42
N14: Grinding 2 | O14: =H12 -> 73 | Q14: Tech Center | R14: =L29 -> 14
B15: 금형1 | C15: Milling | F15: 코팅1 | G15: PVD F'ce | J15: 세라믹 | K15: Grinding
C16: EDM | G16: CVD F'ce | K16: Sinter | N16: Coating 1 | O16: =H19 -> 25 | Q16: Tech Office | R16: =L33 -> 4
C17: Wire | G17: Sand blast | K17: Press
C18: etc | G18: etc | K18: Ball mill | N18: Coating 2 | O18: =H25 -> 23
C19: SUM | D19: =CT세부사항!D47 -> 25 | G19: SUM | H19: =CT세부사항!L16 -> 25 | K19: Spray dryer
K20: etc
B21: 금형2 | C21: Milling | F21: 코팅2 | G21: PVD F'ce | K21: SUM | L21: =CT세부사항!T37 -> 67
C22: EDM | G22: CVD F'ce
C23: Wire | G23: Sand blast | J23: Q/A | K23: AVIM | N23: 생산 1본부 | O23: =SUM(O4,O8,O12,O16,R6:R11) -> 357 | Q23: Total SUM | R23: =SUM(L13,L21,L8,H12,D19,D25,H19,H25,D8,D13,H7,H29,L25,L29,L33) -> 614
C24: etc | G24: etc | K24: HC&RMS
C25: SUM | D25: =CT세부사항!D56 -> 10 | G25: SUM | H25: =CT세부사항!L30 -> 23 | K25: SUM | L25: =CT세부사항!T43 -> 8 | N25: 생산 2본부 | O25: =SUM(O6,O10,O14,O18,R4,R12:R17) -> 257
F27: 가공 | G27: Grinding | J27: Tech | K27: Turning
G28: etc | K28: etc
G29: SUM | H29: =CT세부사항!L58 -> 91 | K29: SUM | L29: =CT세부사항!T53 -> 14
J31: Tech Office | K31: 3D Print
K32: Wiring
K33: SUM | L33: =CT세부사항!T58 -> 4
B36: IP 생산장비 현황 | R36: =R2 -> 2024.12.04
B38: 야금 | C38: WP | F38: Roll | G38: Sinter | J38: RTP | K38: Ball Mill | N38: POWDER | O38: =D40 -> 57
C39: WC | G39: etc | K39: etc
C40: SUM | D40: 57 | G40: SUM | H40: 58 | K40: SUM | L40: 47 | N40: ROLL | O40: 60
N42: RTP | O42: =L40 -> 47 | Q42: Total SUM | R42: =O44 -> 164
N44: SUM | O44: =SUM(O38:O43) -> 164
B49: 전사 생산장비 현황 | R49: =R2 -> 2024.12.04
C51: 생산 1본부/CT | D51: =O23 -> 357 | G51: 생산 1본부/IP | H51: =SUM(O38,O42) -> 104 | Q51: Total SUM | R51: =SUM(D51:D54,H51:H54) -> 778
C53: 생산 2본부/CT | D53: =O25 -> 257 | G53: 생산 2본부/IP | H53: =O40 -> 60

Sheet CT세부사항
B1: Last Update: 2026-06-04
B4: 합금1 | C4: Hyd.press | D4: 14 | F4: 연삭1 | G4: Scalar | H4: 24 | J4: 코팅1 | K4: Balzers | L4: 3 | N4: M/C | O4: Hermle | P4: 24 | R4: 세라믹 | S4: AP710 | T4: 12 | V4: Alloy 1 | W4: =D21 -> 56
C5: Mech 35 | D5: 1 | G5: Centro | H5: 5 | K5: Kobe | L5: 4 | S5: APX105 | T5: 4
C6: Mech 6 | D6: 1 | G6: Quattro | H6: 3 | K6: Bernex | L6: 7 | O6: Mazak Turning | P6: 7 | S6: WBM | T6: 2 | V6: Alloy 2 | W6: =D29 -> 34
C7: Hyd 12 | D7: 1 | G7: Surface | H7: 2 | O7: PUMA 300 | P7: 1 | S7: EWAG | T7: 1
C8: EP 32 | D8: 1 | K8: CVD Loading | L8: 1 | O8: PUMA VT900 | P8: 1 | S8: Lasertec50 | T8: 1 | V8: Die Making 1 | W8: =D47 -> 25
C9: EP Press | D9: 5 | G9: APX105 | H9: 5 | K9: CVD Unloading | L9: 1 | O9: DMG MORI | P9: 2
C10: OW Press | D10: 4 | G10: AP460 | H10: 6 | K10: PVD Loading | L10: 2 | S10: 원심분리기 | T10: 3 | V10: Die Making 2 | W10: =D56 -> 10
C11: Alpha | D11: 1 | G11: AP30 | H11: 1 | K11: PVD Unloading | L11: 1 | O11: Studer Grinding | P11: 1 | S11: 초음파세척기 | T11: 2
C12: Daehwa | D12: 1 | G12: GIG-21 | H12: 4 | O12: Gun drill | P12: 1 | S12: Wire Alpha-OIB | T12: 1 | V12: Grinding 1 | W12: =H32 -> 91
G13: DLM705 | H13: 3 | K13: Macoho | L13: 3 | S13: Vaccum brazing | T13: 1
C14: Sand | D14: 11 | G14: Agathon | H14: 1 | K14: Dry Sand | L14: 2 | O14: GOM Scanner | P14: 1 | S14: EWAG RS15 | T14: 2 | V14: Grinding 2 | W14: =H54 -> 73
C15: Auto loading | D15: 7 | G15: Zoller | H15: 2 | K15: Air Cleaner | L15: 1 | O15: Laser Marking | P15: 1 | S15: Polishing (Honing) | T15: 1
C16: Batch | D16: 3 | G16: Nicolis | H16: 12 | L16: =SUM(L4:L15) -> 25 | M16: 12.04 확인 | O16: Zoller | P16: 2 | S16: Tool grinder | T16: 1 | V16: Coating 1 | W16: =L16 -> 25
C17: Sinter | D17: 3 | G17: Fuji | H17: 4 | S17: Laser marking | T17: 1
G18: Ludia | H18: 2 | O18: Manual lathe | P18: 1 | S18: Blanchard 표면연삭 | T18: 1 | V18: Coating 2 | W18: =L30 -> 23
C19: TiNSpread | D19: 2 | J19: 코팅2 | K19: Kobe | L19: 6 | O19: Band Sawing | P19: 1
C20: Auto brush | D20: 1 | G20: Ludia Cleaner | H20: 1 | K20: Bernex | L20: 6 | O20: Manual milling | P20: 2 | S20: Debinding F'ce | T20: 1 | V20: Tools | W20: =L58 -> 91
D21: =SUM(D4:D20) -> 56 | E21: 12.04 확인 | G21: DURR | H21: 2 | K21: CVD Loading | L21: 1 | O21: OD Grinder | P21: 1 | S21: Sintering F'ce | T21: 4
G22: Shafir Auto Cleaner | H22: 1 | K22: CVD Unloading | L22: 1 | O22: Youil grinder | P22: 1 | S22: FCT Sinter | T22: 3 | V22: M/C | W22: =P27 -> 51
B23: 합금2 | C23: Kobayashi | D23: 15 | G23: Wooju Ultra | H23: 1 | K23: PVD Loading | L23: 1 | O23: Rotary Grinder | P23: 1 | S23: Kobe Sinter | T23: 2
C24: Osterwalder | D24: 10 | G24: Berney Honing | H24: 1 | K24: PVD Unloading | L24: 2 | V24: Drill | W24: =P46 -> 42
C25: Sinter | D25: 3 | G25: Gerber | H25: 2 | O25: Cooper system - debur | P25: 2 | S25: Dorst Hyd Press | T25: 2
C26: Auto loading | D26: 3 | G26: Toshiba Honing | H26: 1 | K26: Macoho | L26: 3 | O26: KOREA SONIC | P26: 1 | V26: Ceramic | W26: =T37 -> 67
C27: Feeder Cleaner | D27: 1 | G27: Ibche | H27: 3 | K27: GRAF | L27: 1 | P27: =SUM(P4:P26) -> 51 | Q27: 12.04 확인 | S27: Osterwalder Press | T27: 2
C28: TiN Spread | D28: 2 | K28: HiPIMS | L28: 1 | S28: Lathe | T28: 2 | V28: QA | W28: =T43 -> 8
D29: =SUM(D23:D28) -> 34 | E29: 12.04 확인 | G29: Okano Autopacking | H29: 4 | K29: Diamond | L29: 1 | S29: Wet CIP | T29: 1
G30: Laser marking | H30: 1 | L30: =SUM(L19:L29) -> 23 | M30: 12.04 확인 | S30: Tool grinder | T30: 1 | V30: TC | W30: =T53 -> 14
B31: 금형1 | C31: Makino V22 | D31: 5 | S31: Milling M/C | T31: 1
C32: Makino Seiki MS30 | D32: 1 | H32: =SUM(H4:H31) -> 91 | I32: 12.04 확인 | J32: 가공 | K32: Rollomatic | L32: 50 | S32: Band saw | T32: 1 | V32: Tech Office | W32: =T58 -> 4
C33: EDM | D33: 6 | K33: ANCA | L33: 16
C34: Wire cut | D34: 2 | F34: 연삭2 | G34: AP710 | H34: 4 | N34: 드릴 | O34: Hermle | P34: 12 | S34: Ball Mill | T34: 9 | V34: SUM | W34: =SUM(W4:W33) -> 614
C35: Roders | D35: 1 | G35: APX103 | H35: 9 | O35: Makino | P35: 10 | S35: Spray Dryer | T35: 2
C36: Amada | D36: 1 | G36: APX105 | H36: 9 | K36: Dressing | L36: 1 | S36: Screen | T36: 3
G37: APX-F50 | H37: 6 | K37: Ulmer | L37: 1 | O37: Gun drill | P37: 4 | T37: =SUM(T4:T36) -> 67 | U37: 12.04 확인
C38: Brazing machine | D38: 1 | G38: WBM271RF | H38: 2 | K38: Centerless | L38: 2 | O38: Twist | P38: 6
C39: 화천선반 | D39: 1 | G39: Stahli | H39: 4 | K39: Cutting machine | L39: 1 | O39: OTEC | P39: 1
C40: Tool Grinder | D40: 1 | G40: EWAG | H40: 3 | K40: Chamfer | L40: 1 | O40: Studer | P40: 2 | R40: QA | S40: AVIM | T40: 6
C41: 평면연삭기 | D41: 1 | G41: Agathon Leo | H41: 1 | K41: DURR | L41: 1 | O41: DMG Turning | P41: 2 | S41: ADIM | T41: 1
C42: Profile | D42: 1 | G42: Shafir brush | H42: 2 | K42: Studer S20 | L42: 1 | O42: TOYODA Grinding | P42: 1 | S42: HC&RMS tester | T42: 1
C43: Aero lap | D43: 1 | G43: SIRON | H43: 4 | K43: Wire cutting | L43: 1 | O43: Laser Marking | P43: 2 | T43: =SUM(T40:T42) -> 8 | U43: 26.04.14.
C44: Extrude hone | D44: 1 | G44: Ibche Brush | H44: 3 | K44: Rollomatic V2 | L44: 1
C45: Band saw | D45: 1 | G45: Cleveraland | H45: 1 | O45: Sand blast | P45: 2 | R45: 성능 | S45: Mori-Seiki Vertical | T45: 2
C46: Rotating L/P | D46: 1 | G46: Fuji | H46: 13 | K46: Profile Proj | L46: 1 | P46: =SUM(P34:P45) -> 42 | Q46: 26.04.14. | S46: Mazak | T46: 3
D47: =SUM(D31:D46) -> 25 | E47: 12.04 확인 | G47: Macoho | H47: 3 | K47: Zoller | L47: 2 | S47: Puma Turning | T47: 4
G48: DURR | H48: 1 | K48: Haimer | L48: 1 | S48: Doosan Turning | T48: 2
B49: 금형2 | C49: Makino V22 | D49: 2 | G49: 초음파 | H49: 1 | K49: Starret | L49: 1 | S49: STAR | T49: 1
C50: EDM | D50: 2 | G50: Laser marking | H50: 1 | K50: OTEC | L50: 1
C51: Wire | D51: 2 | G51: Okano Packing | H51: 4 | K51: Laser Marking | L51: 2 | S51: Yamage Milling | T51: 1
C52: Roders | D52: 1 | G52: Inkjet Marking | H52: 1 | K52: Aero Lap | L52: 1 | S52: GROB M-center | T52: 1
C53: Brazing Sehyang | D53: 1 | G53: Demagnetizer | H53: 1 | K53: Kanehira | L53: 1 | T53: =SUM(T45:T52) -> 14 | U53: 12.04 확인
C54: Youil Grinding | D54: 1 | H54: =SUM(H34:H53) -> 73 | I54: 3.27 확인 | K54: Wasino | L54: 1
C55: BLASTING MACHINE | D55: 1 | K55: Cleveland | L55: 1
D56: =SUM(D49:D55) -> 10 | E56: 12.04 확인 | K56: Daewoo Turn | L56: 2 | R56: Tech Office | S56: 3D Print | T56: 3
K57: Ultrasonic Cleaner | L57: 1 | S57: Wiring | T57: 1
L58: =SUM(L32:L57) -> 91 | M58: 260604 확인 | T58: =SUM(T56:T57) -> 4 | U58: 12.04 확인
C61: 2021 | D61: 제외 | F61: 드릴 | G61: Matsuura | H61: 3 | I61: 9월 | J61: KMS 행 | M61: 3
D62: 추가 | F62: 드릴 | G62: Toyoda | H62: 1 | I62: 11월 | L62: 1
D64: 추가 | F64: 연삭1 | G64: AMADA | H64: 1 | I64: 12월 초 | L64: 1
D65: 제외 | F65: 연삭1 | G65: Nicolis #1 | H65: 1 | I65: 12월 초 | J65: Tungaloy 행 | M65: 1
F66: 연삭1 | G66: GIG-21#1 | H66: 1 | I66: 12월 초 | J66: Tungaloy 행 | L66: 1
D67: 추가 | F67: 연삭2 | G67: SIRON | H67: 2 | I67: 10월 | L67: 2
D68: 추가 | F68: 가공 | G68: Chip breaker | H68: 1 | L68: 1 | P68: 2021 | Q68: 23 | R68: 4
D69: 추가 | F69: 가공 | G69: Rollomatic NP30 | H69: 2 | L69: 2
D70: 추가 | F70: 가공 | G70: Centerless | H70: 2 | L70: 2
D71: 추가 | F71: 합금1 | G71: New Autoloading | H71: 2 | L71: 2
D72: 추가 | F72: 합금2 | G72: New Autoloading | H72: 1 | L72: 1
C74: 2022 | D74: 추가 | F74: 가공 | G74: Rollo dressing | H74: 1 | I74: 6월 | L74: 1
D75: 추가 | F75: 합금2 | G75: Osterwalder | H75: 10 | I75: 2월 | L75: 10 | P75: 연도 | Q75: 추가 | R75: 제외
D76: 추가 | F76: 가공 | G76: RS700 | H76: 1 | I76: 6월 | L76: 1
D77: 추가 | F77: 세라믹 | G77: H/N | H77: 2 | I77: 7월 | J77: From Roll팀 | L77: 2
D78: 제외 | F78: 세라믹 | G78: Debinding #5 | H78: 1 | I78: 7월 | M78: 1
D79: 제외 | F79: 세라믹 | G79: 고온소결로 | H79: 1 | I79: 7월 | M79: 1 | P79: 연도 | Q79: 추가 | R79: 제외
D80: 추가 | F80: 가공 | G80: ANCA GCX | H80: 1 | I80: 8월 | L80: 1 | P80: 2022 | Q80: 12 | R80: 7
D81: 추가 | F81: 세라믹 | G81: EWAG | H81: 1 | I81: 8월 | L81: 1
D82: 추가 | F82: 연삭2 | G82: Laser cutting | H82: 1 | I82: 9월 | L82: 1
D83: 추가 | F83: 코팅2 | G83: PVD Loading | H83: 1 | I83: 9월 | L83: 1
D84: 추가 | F84: 코팅2 | G84: PVD Unloading | H84: 1 | I84: 9월 | L84: 1
D85: 제외 | F85: 합금1 | G85: Mech. Press | H85: 3 | I85: ?월 | J85: #7 #14 #15 | M85: 3
D86: 추가 | F86: 가공 | G86: Wire cut (Mitsubishi) | H86: 1 | I86: 11월 | L86: 1
D87: 제외 | F87: 성능 | G87: Victor 선반 | H87: 1 | I87: 11월 | M87: 1
D88: 추가 | F88: 성능 | G88: PUMA2100 | H88: 1 | I88: 11월 | L88: 1
D89: 제외 | F89: 연삭1 | G89: WBM222 | H89: 1 | I89: 12월 | M89: 1
D90: 추가 | F90: 세라믹 | G90: WBM222 | H90: 1 | I90: 12월 | L90: 1
C92: 2023 | D92: 추가 | F92: 연삭1 | G92: Laser marking | H92: 1 | I92: 2월 | L92: 1 | P92: 연도 | Q92: 추가 | R92: 제외
D93: 제외 | F93: 연삭1 | G93: Laser marking | H93: 1 | I93: 2월 | M93: 1 | P93: 2023 | Q93: 21 | R93: 8
D94: 추가 | F94: 드릴 | G94: Laser marking | H94: 1 | I94: 5월 | L94: 1
D95: 추가 | F95: 연삭2 | G95: Agathon Leo Peri | H95: 1 | I95: 5월 | L95: 1
D96: 추가 | F96: 코팅2 | G96: Kobe AIP-S40 | H96: 2 | I96: 5월 | L96: 2
D97: 추가 | F97: 드릴 | G97: DMG MORI | H97: 1 | I97: 6월 | L97: 1 | O97: No automation
D98: 추가 | F98: 연삭2 | G98: Cleverland | H98: 1 | I98: 6월 | L98: 1
D99: 추가 | F99: 연삭2 | G99: DLM705 | H99: 2 | I99: 7월 | L99: 2
D100: 제외 | F100: 세라믹 | G100: Mech. Press | H100: 1 | I100: 7월 | M100: 1
D101: 제외 | F101: 세라믹 | G101: Samwon Press | H101: 1 | I101: 7월 | M101: 1
D102: (추가) | F102: 테크 | G102: 3D Print | H102: 1 | I102: ?월 | L102: 1
D103: (추가) | F103: 테크 | G103: Wiring | H103: 1 | I103: ?월 | L103: 1
D104: 추가 | F104: 테크 | G104: 3D Print | H104: 2 | I104: 7월 | L104: 2
D105: 추가 | F105: 가공 | G105: ANCA GCX #1 | H105: 1 | I105: 8월 | L105: 1
D106: 추가 | F106: 합금1 | G106: Daehwa 60ton | H106: 1 | I106: 9월 | L106: 1 | O106: No automation
D107: 추가 | F107: 연삭2 | G107: APX-F50 #1 | H107: 1 | I107: 10월 | L107: 1
...

Sheet IP세부사항
B4: POWDER
B5: WP | C5: Red. F'ce | D5: 9 | E5: RTP | F5: Ball Mill | G5: 32
C6: Blender | D6: 5 | F6: Pre Mixer | G6: 2
C7: Ball Mill | D7: 1 | F7: RTP Blender | G7: 2
B8: WC | C8: H-Temp. Carburizing F'ce | D8: 5 | F8: Dalton Mixer | G8: 5
C9: N-Temp. Carburizing F'ce | D9: 14 | F9: Spray Dryer | G9: 2
C10: Blender | D10: 5 | F10: Auto Packing M/C | G10: 2
C11: Ball Mill | D11: 5 | F11: Auto Weighing M/C | G11: 2
C12: Pulverizer | D12: 4 | G12: =SUM(G5:G11) -> 47
C13: Jaw Crusher | D13: 1
C14: Mixing Mill | D14: 5
C15: Lodige Mixer | D15: 1
C16: Jet Mill | D16: 2
D17: =SUM(D5:D7,D8:D16) -> 57
B19: ROLL
C20: Sintering F'ce | D20: 15 | F20: POWDER | G20: =D17 -> 57
C21: Sinter-HIP F'ce | D21: 2
C22: H.I.P | D22: 1 | F22: ROLL | G22: =D35 -> 58
C23: C.I.P | D23: 1
C24: Press | D24: 2 | F24: RTP | G24: =G12 -> 47
C25: Forming VTL | D25: 4
C26: 내마모실 | D26: 7 | F26: SUM | G26: =SUM(G20:G25) -> 162
C27: Puma VTL | D27: 8
C28: Multi G/M | D28: 7
C29: Minaguchi | D29: 1
C30: Toyoda | D30: 2
C31: Wendt | D31: 1
C32: Overbeck | D32: 2
C33: Toyo | D33: 3
C34: Ichikawa | D34: 2
D35: =SUM(D20:D34) -> 58

Sheet 종합현황
B3: 출처 시트 | C3: Type | D3: Description 1 | E3: Description 2 | F3: Description 3 | G3: Item No. (Click) | H3: 현재 재고 | I3: 안전 재고
B4: Mazak Inte200 | C4: Servo Drive | D4: SERVO AMP MR-J2-100CT | G4: 6151420 | H4: 0 | I4: 1
B5: Kobayashi | C5: Load Cell | D5: LOAD CELL UNTELA-100KN | E5: LOAD CELL 010-016 | G5: 6110179 | H5: 0 | I5: 1 | K5: Safety Qty. 부족분 Update - Macro
B6: Kobayashi | C6: Motor | D6: MOTOR 215RPM,24VDC,CROUZE | G6: 1052797 | H6: 0 | I6: 1
B7: Kobayashi | C7: Scale | D7: UPPPER LINEAR SCALE | E7: AT503A-200-SC | G7: 6110155 | H7: 0 | I7: 1
B8: Kobayashi | C8: Sensor | D8: SENSOR LR-ZB250AN | G8: 6149533 | H8: 0 | I8: 1
B9: Kobayashi | D9: HYDRAULIC CHUCK 4X90 1.2 | G9: 950112 | H9: 0 | I9: 1
B10: Kobayashi | D10: DRIVER 3A RESOLVER | G10: 6150527 | H10: 0 | I10: 1
B11: SP160 | C11: Sensor | D11: SENSOR LR-ZB250AN | G11: 6149533 | H11: 0 | I11: 1

Sheet 폐기장비
C1: 합금1
B3: 1 | C3: Dorst Mechanical Press | D3: 15t | E3: 1 | F3: 1991 | G3: 109385/7 | H3: 9000625 | I3: 1 | J3: 2023 폐기
B4: 2 | E4: 7 | F4: 1991 | G4: 109385/6 | J4: 2022 폐기
B5: 4 | D5: 15t | E5: 14 | F5: 1991 | G5: 109363/1 | J5: 2022 폐기
B6: 5 | E6: 15 | F6: 1988 | G6: 108892/1 | J6: 2022 폐기
B7: 3 | E7: =HYPERLINK("#Hermle1!A1","01") -> 01 | F7: 2004 | G7: 300071 | H7: 9002763 | I7: 1 | J7: IMCD行
B8: 3.2 | E8: =HYPERLINK("#H4!A1","04") -> 04 | F8: 2005 | G8: 300484 | H8: 9002763 | I8: 4 | J8: IMCD行 | P8: Shafir | Q8: Fanuc | R8: A-520iA | S8: R-J3
B9: 16 | E9: 18 | F9: 2004 | G9: 300069 | H9: 9002763 | I9: 19 | J9: IMCD行
C13: 금형1
B14: 3 | C14: 마키노 V22 | E14: 3 | F14: 2012 | G14: 608 | H14: 9005275 | I14: 7 | P14: TTI행 (2024) | Q14: - | R14: - | U14: K&B
B15: 6 | C15: Makino | D15: MSJX | E15: 1 | F15: 2003 | G15: 11 | H15: 9005508 | I15: 1
B16: 7 | E16: 2 | F16: 2001 | G16: 006k | H16: 9005508 | I16: 2
B17: 9 | D17: MS5A | E17: 1 | F17: 1999 | G17: A93-032
C18: 금형2
B19: 7 | C19: DMG Lasertec | D19: DML40 | E19: 1 | F19: 2004 | G19: 11150001167 | H19: 1155197 | I19: 1
C22: 연삭1
B23: 47 | C23: AP30 | E23: 2 | F23: 2004 | G23: 156 | H23: 9006234 | I23: 2 | K23: 폐기
B24: 33 | C24: Wendt WBM | D24: 222RP | E24: 1 | F24: 1995 | G24: 854143603A | H24: 9003511 | I24: 1 | K24: 2024 폐기 | R24: Cobra S600 (Dual) | U24: 2024 폐기
B25: 34 | E25: 2 | F25: 1995 | G25: 854143601A | H25: 9003511 | I25: 2
B26: 91 | C26: Laser Marking | D26: Laser Mark M/C | E26: 1 | F26: 2001 | H26: 9001807 | I26: 6 | K26: 폐기 | U26: 폐기
B27: 92 | E27: 2 | F27: 2004 | H27: 9001807 | I27: 10 | K27: 폐기 | U27: 폐기
C29: 코팅1
B30: 22 | C30: wet sand | E30: 4 | F30: 2023TTI행 | G30: 101165 | H30: 9005739 | I30: 12 | L30: Mitsubishi | M30: Q series | N30: Proface | O30: GP-4000
B31: 23 | C31: Vapormatt | D31: Sand blast | E31: 1 | F31: 2000 | G31: 9513 | H31: 9002479 | I31: 1 | J31: 380V
C34: 세라믹
B35: 46 | D35: Mechanical | E35: 1 | F35: 1991 | G35: 2023 폐기예정 | H35: 9000625 | I35: 12 | S35: A-510i
B36: 47 | C36: Samwon Press | D36: 40-A | E36: 1 | F36: 1994 | H36: 9005515 | I36: 1
C39: 가공
B40: 46 | C40: Rollomatic | D40: NP4 | E40: 1 | F40: 2007 | G40: 5779 | H40: 9003984 | I40: 1 | J40: 220V | P40: Rollomatic | Q40: Cartesian | U40: K&B
B41: 49 | D41: 148P4 | E41: 1 | F41: 2005 | G41: 4675 | H41: 9003653 | I41: 1 | J41: 400V | P41: Rollomatic | Q41: Cartesian | U41: K&B
B42: 72 | C42: Makino | E42: 3 | F42: 2005 | G42: 520 | H42: 1155977 | I42: 3 | P42: Makino | Q42: Fanuc | R42: LR Mate 200iB | T42: R-J3 iB Mate | U42: Morita UG
C45: M/C
B46: 48.681119 | C46: Youil grinder | D46: YGS-65A | E46: 1 | F46: 2006 | G46: 6560721 | H46: 9005517 | I46: 1 | J46: 2024 폐기예정
B47: 26 | D47: MP630 | E47: 1 | F47: 1995 | H47: 9003333 | I47: 1 | J47: 2023 폐기
B48: 1 | C48: Hermle Milling | D48: C30U | E48: 1 | F48: 2005 | G48: 17250 | H48: 9005211 | I48: 1 | J48: 폐기
B49: 2 | E49: 2 | F49: 2005 | G49: 17251 | H49: 9005211 | I49: 2 | J49: 폐기
B50: 31.730769 | C50: Puma | D50: 300M | E50: 1 | F50: 2003 | G50: P30M1359 | H50: 9005519 | I50: 1
C51: 성능시험
B52: 11 | C52: Hyundai-Mazak | D52: AJV 24/405 | E52: 1 | F52: 1998 | G52: M91-037 | H52: 6177953 | I52: 1 | J52: 2019년 폐기
B53: 8 | D53: V turn-36 | E53: 1 | F53: 1999
C54: 가공
B55: 67 | C55: Walter CNC Grinding | D55: Vision | E55: 1 | F55: 2006 | G55: 690087 | H55: 9003094 | I55: 1 | L55: 220V 35kVA | R55: Walter | S55: Cartesian | W55: Kidde Panel
B56: 68 | D56: Helitronic | E56: 2 | F56: 2000 | G56: 650010 | H56: 9002056 | I56: 2 | L56: 220V 35kVA | R56: Walter | S56: Cartesian | W56: K&B
B57: 69 | E57: 3 | F57: 1999 | G57: 653004 | H57: 9002056 | I57: 1 | L57: 460V 35kVA | R57: Walter | S57: Cartesian
B58: 70 | C58: Makino Seiki | D58: CNJ2-W-R | E58: 1 | F58: 2005 | G58: 540 | H58: 1155977 | I58: 1 | L58: 380 | R58: Makino | S58: Fanuc | T58: LR Mate 200iB | V58: R-J3 iB Mate | W58: Morita UG
B59: 71 | E59: 2 | F59: 2005 | G59: 535 | H59: 1155977 | I59: 2 | R59: Makino | S59: Fanuc | T59: LR Mate 200iB | V59: R-J3 iB Mate | W59: Morita UG

Sheet Sample
B2: Part List
B3: Type | C3: Part | D3: Model | E3: Description 1 | F3: Description 2 | G3: Vendor | H3: Item No | I3: 재고 | J3: Safety Qty | K3: 사진 | L3: 비고
I4: {=IF(COUNTIF(RawData!A:A, H4)=0, "None", MAX(IF(RawData!A:A=H4, RawData!B:B)))} -> None
I5: {=IF(COUNTIF(RawData!A:A, H5)=0, "None", MAX(IF(RawData!A:A=H5, RawData!B:B)))} -> None
I6: {=IF(COUNTIF(RawData!A:A, H6)=0, "None", MAX(IF(RawData!A:A=H6, RawData!B:B)))} -> None
I7: {=IF(COUNTIF(RawData!A:A, H7)=0, "None", MAX(IF(RawData!A:A=H7, RawData!B:B)))} -> None
I8: {=IF(COUNTIF(RawData!A:A, H8)=0, "None", MAX(IF(RawData!A:A=H8, RawData!B:B)))} -> None
I9: {=IF(COUNTIF(RawData!A:A, H9)=0, "None", MAX(IF(RawData!A:A=H9, RawData!B:B)))} -> None
I10: {=IF(COUNTIF(RawData!A:A, H10)=0, "None", MAX(IF(RawData!A:A=H10, RawData!B:B)))} -> None
I11: {=IF(COUNTIF(RawData!A:A, H11)=0, "None", MAX(IF(RawData!A:A=H11, RawData!B:B)))} -> None
I12: {=IF(COUNTIF(RawData!A:A, H12)=0, "None", MAX(IF(RawData!A:A=H12, RawData!B:B)))} -> None
I13: {=IF(COUNTIF(RawData!A:A, H13)=0, "None", MAX(IF(RawData!A:A=H13, RawData!B:B)))} -> None
I14: {=IF(COUNTIF(RawData!A:A, H14)=0, "None", MAX(IF(RawData!A:A=H14, RawData!B:B)))} -> None
I15: {=IF(COUNTIF(RawData!A:A, H15)=0, "None", MAX(IF(RawData!A:A=H15, RawData!B:B)))} -> None
... I220: {=IF(COUNTIF(RawData!A:A, H220)=0, "None", MAX(IF(RawData!A:A=H220, RawData!B:B)))} -> None

Sheet CVD Unloading (Okano)
B2: CVD Unloading (Okano) - Part List
B3: Type | C3: Part | D3: Model | E3: Description 1 | F3: Description 2 | G3: Vendor | H3: Item No | I3: 재고 | J3: Safety Qty | K3: 사진 | L3: 비고
B4: Elec | C4: Cable | D4: LAN CABLE VERTICAL+RJ45 | E4: GIGE 10M FOR CAMERA | F4: Camera LAN Cable | H4: 6295560 | I4: =_xlfn.XLOOKUP(H4, RawData!A:A, RawData!B:B, "None") -> 1
B5: Elec | C5: Cable | D5: LAN CABLE HORIZONTAL+RJ45 | E5: GIGE 10M FOR CAMERA | F5: Camera LAN Cable | H5: 6295561 | I5: =_xlfn.XLOOKUP(H5, RawData!A:A, RawData!B:B, "None") -> 2
I6: {=IF(COUNTIF(RawData!A:A, H6)=0, "None", MAX(IF(RawData!A:A=H6, RawData!B:B)))} -> None
I7: {=IF(COUNTIF(RawData!A:A, H7)=0, "None", MAX(IF(RawData!A:A=H7, RawData!B:B)))} -> None
I8: {=IF(COUNTIF(RawData!A:A, H8)=0, "None", MAX(IF(RawData!A:A=H8, RawData!B:B)))} -> None
I9: {=IF(COUNTIF(RawData!A:A, H9)=0, "None", MAX(IF(RawData!A:A=H9, RawData!B:B)))} -> None
I10: {=IF(COUNTIF(RawData!A:A, H10)=0, "None", MAX(IF(RawData!A:A=H10, RawData!B:B)))} -> None
I11: {=IF(COUNTIF(RawData!A:A, H11)=0, "None", MAX(IF(RawData!A:A=H11, RawData!B:B)))} -> None
I12: {=IF(COUNTIF(RawData!A:A, H12)=0, "None", MAX(IF(RawData!A:A=H12, RawData!B:B)))} -> None
I13: {=IF(COUNTIF(RawData!A:A, H13)=0, "None", MAX(IF(RawData!A:A=H13, RawData!B:B)))} -> None
I14: {=IF(COUNTIF(RawData!A:A, H14)=0, "None", MAX(IF(RawData!A:A=H14, RawData!B:B)))} -> None
I15: {=IF(COUNTIF(RawData!A:A, H15)=0, "None", MAX(IF(RawData!A:A=H15, RawData!B:B)))} -> None
I16: {=IF(COUNTIF(RawData!A:A, H16)=0, "None", MAX(IF(RawData!A:A=H16, RawData!B:B)))} -> None
I17: {=IF(COUNTIF(RawData!A:A, H17)=0, "None", MAX(IF(RawData!A:A=H17, RawData!B:B)))} -> None
... I220: {=IF(COUNTIF(RawData!A:A, H220)=0, "None", MAX(IF(RawData!A:A=H220, RawData!B:B)))} -> None

Sheet Lasertec 50
B2: Lasertec 50 - Part List
B3: Type | C3: Part | D3: Model | E3: Description 1 | F3: Description 2 | G3: Vendor | H3: Item No | I3: 재고 | J3: Safety Qty | K3: 사진 | L3: 비고
B4: Elec | C4: Cable | D4: FLOW SENSOR 3849910 | E4: DMG MORI LASERTEC50 PUMP | H4: 6215296 | I4: =_xlfn.XLOOKUP(H4, RawData!A:A, RawData!B:B, "None") -> 0
B5: Elec | C5: Cable | D5: FLOW SENSOR 2470549 | E5: DMG MORI LASERTEC50 PUMP | H5: 6215295 | I5: =_xlfn.XLOOKUP(H5, RawData!A:A, RawData!B:B, "None") -> 1
I6: {=IF(COUNTIF(RawData!A:A, H6)=0, "None", MAX(IF(RawData!A:A=H6, RawData!B:B)))} -> None
I7: {=IF(COUNTIF(RawData!A:A, H7)=0, "None", MAX(IF(RawData!A:A=H7, RawData!B:B)))} -> None
I8: {=IF(COUNTIF(RawData!A:A, H8)=0, "None", MAX(IF(RawData!A:A=H8, RawData!B:B)))} -> None
I9: {=IF(COUNTIF(RawData!A:A, H9)=0, "None", MAX(IF(RawData!A:A=H9, RawData!B:B)))} -> None
I10: {=IF(COUNTIF(RawData!A:A, H10)=0, "None", MAX(IF(RawData!A:A=H10, RawData!B:B)))} -> None
I11: {=IF(COUNTIF(RawData!A:A, H11)=0, "None", MAX(IF(RawData!A:A=H11, RawData!B:B)))} -> None
I12: {=IF(COUNTIF(RawData!A:A, H12)=0, "None", MAX(IF(RawData!A:A=H12, RawData!B:B)))} -> None
I13: {=IF(COUNTIF(RawData!A:A, H13)=0, "None", MAX(IF(RawData!A:A=H13, RawData!B:B)))} -> None
I14: {=IF(COUNTIF(RawData!A:A, H14)=0, "None", MAX(IF(RawData!A:A=H14, RawData!B:B)))} -> None
I15: {=IF(COUNTIF(RawData!A:A, H15)=0, "None", MAX(IF(RawData!A:A=H15, RawData!B:B)))} -> None
I16: {=IF(COUNTIF(RawData!A:A, H16)=0, "None", MAX(IF(RawData!A:A=H16, RawData!B:B)))} -> None
I17: {=IF(COUNTIF(RawData!A:A, H17)=0, "None", MAX(IF(RawData!A:A=H17, RawData!B:B)))} -> None
... I220: {=IF(COUNTIF(RawData!A:A, H220)=0, "None", MAX(IF(RawData!A:A=H220, RawData!B:B)))} -> None

Sheet Feeder Cleaner
B2: Feeder Cleaner (합금2) - Part List
B3: Type | C3: Part | D3: Model | E3: Description 1 | F3: Description 2 | G3: Vendor | H3: Item No | I3: 재고 | J3: Safety Qty | K3: 사진 | L3: 비고
B4: Mech | C4: Cylinder | D4: CDM2B32-300AZ | E4: Auto Cleaning (Feeder Cleaner) _ Door cylinder | F4: SMC 1MPA | H4: 6251893 | I4: =IF(H4="","None",_xlfn.XLOOKUP(H4,RawTable[ITEM_NO],RawTable[STOCK],"None")) -> 2
I5: =IF(H5="","None",_xlfn.XLOOKUP(H5,RawTable[ITEM_NO],RawTable[STOCK],"None")) -> None
I6: =IF(H6="","None",_xlfn.XLOOKUP(H6,RawTable[ITEM_NO],RawTable[STOCK],"None")) -> None
I7: =IF(H7="","None",_xlfn.XLOOKUP(H7,RawTable[ITEM_NO],RawTable[STOCK],"None")) -> None
I8: =IF(H8="","None",_xlfn.XLOOKUP(H8,RawTable[ITEM_NO],RawTable[STOCK],"None")) -> None
I9: =IF(H9="","None",_xlfn.XLOOKUP(H9,RawTable[ITEM_NO],RawTable[STOCK],"None")) -> None
I10: =IF(H10="","None",_xlfn.XLOOKUP(H10,RawTable[ITEM_NO],RawTable[STOCK],"None")) -> None
I11: =IF(H11="","None",_xlfn.XLOOKUP(H11,RawTable[ITEM_NO],RawTable[STOCK],"None")) -> None
I12: =IF(H12="","None",_xlfn.XLOOKUP(H12,RawTable[ITEM_NO],RawTable[STOCK],"None")) -> None
I13: =IF(H13="","None",_xlfn.XLOOKUP(H13,RawTable[ITEM_NO],RawTable[STOCK],"None")) -> None
I14: =IF(H14="","None",_xlfn.XLOOKUP(H14,RawTable[ITEM_NO],RawTable[STOCK],"None")) -> None
I15: =IF(H15="","None",_xlfn.XLOOKUP(H15,RawTable[ITEM_NO],RawTable[STOCK],"None")) -> None
I16: =IF(H16="","None",_xlfn.XLOOKUP(H16,RawTable[ITEM_NO],RawTable[STOCK],"None")) -> None
... I220: =IF(H220="","None",_xlfn.XLOOKUP(H220,RawTable[ITEM_NO],RawTable[STOCK],"None")) -> None

Sheet CVD Loading (Bi-Tech)
B2: CVD Loading (Bi-tech) - Part List
B3: Type | C3: Part | D3: Model | E3: Description 1 | F3: Description 2 | G3: Vendor | H3: Item No | I3: 재고 | J3: Safety Qty | K3: 사진 | L3: 비고
B4: Elec | C4: T2 motor | D4: MOTOR EZI-SERVO-ST-42XL- | E4: T2 측 그리퍼 턴 모터 | H4: 6270684 | I4: =IF(H4="","None",_xlfn.XLOOKUP(H4,RawTable[ITEM_NO],RawTable[STOCK],"None")) -> 1
B5: Mech | C5: Cylinder | D5: CYLINDER NDAS 10*25 | E5: Clamping Cylinder | H5: 6213315 | I5: =IF(H5="","None",_xlfn.XLOOKUP(H5,RawTable[ITEM_NO],RawTable[STOCK],"None")) -> 3
I6: =IF(H6="","None",_xlfn.XLOOKUP(H6,RawTable[ITEM_NO],RawTable[STOCK],"None")) -> None
I7: =IF(H7="","None",_xlfn.XLOOKUP(H7,RawTable[ITEM_NO],RawTable[STOCK],"None")) -> None
I8: =IF(H8="","None",_xlfn.XLOOKUP(H8,RawTable[ITEM_NO],RawTable[STOCK],"None")) -> None
I9: =IF(H9="","None",_xlfn.XLOOKUP(H9,RawTable[ITEM_NO],RawTable[STOCK],"None")) -> None
I10: =IF(H10="","None",_xlfn.XLOOKUP(H10,RawTable[ITEM_NO],RawTable[STOCK],"None")) -> None
I11: =IF(H11="","None",_xlfn.XLOOKUP(H11,RawTable[ITEM_NO],RawTable[STOCK],"None")) -> None
I12: =IF(H12="","None",_xlfn.XLOOKUP(H12,RawTable[ITEM_NO],RawTable[STOCK],"None")) -> None
I13: =IF(H13="","None",_xlfn.XLOOKUP(H13,RawTable[ITEM_NO],RawTable[STOCK],"None")) -> None
I14: =IF(H14="","None",_xlfn.XLOOKUP(H14,RawTable[ITEM_NO],RawTable[STOCK],"None")) -> None
I15: =IF(H15="","None",_xlfn.XLOOKUP(H15,RawTable[ITEM_NO],RawTable[STOCK],"None")) -> None
I16: =IF(H16="","None",_xlfn.XLOOKUP(H16,RawTable[ITEM_NO],RawTable[STOCK],"None")) -> None
I17: =IF(H17="","None",_xlfn.XLOOKUP(H17,RawTable[ITEM_NO],RawTable[STOCK],"None")) -> None
... I220: =IF(H220="","None",_xlfn.XLOOKUP(H220,RawTable[ITEM_NO],RawTable[STOCK],"None")) -> None

Sheet NP30
B2: Rollomatic NP30 - Part List
B3: Type | C3: Part | D3: Model | E3: Description 1 | F3: Description 2 | G3: Vendor | H3: Item No | I3: 재고 | J3: Safety Qty | K3: 사진 | L3: 비고
B4: Mech | C4: Belt | D4: TIMING BELT 128345 | E4: c-axis belt | H4: 6269467 | I4: =IF(H4="","None",_xlfn.XLOOKUP(H4,RawTable[ITEM_NO],RawTable[STOCK],"None")) -> 6
I5: =IF(H5="","None",_xlfn.XLOOKUP(H5,RawTable[ITEM_NO],RawTable[STOCK],"None")) -> None
I6: =IF(H6="","None",_xlfn.XLOOKUP(H6,RawTable[ITEM_NO],RawTable[STOCK],"None")) -> None
I7: =IF(H7="","None",_xlfn.XLOOKUP(H7,RawTable[ITEM_NO],RawTable[STOCK],"None")) -> None
I8: =IF(H8="","None",_xlfn.XLOOKUP(H8,RawTable[ITEM_NO],RawTable[STOCK],"None")) -> None
I9: =IF(H9="","None",_xlfn.XLOOKUP(H9,RawTable[ITEM_NO],RawTable[STOCK],"None")) -> None
I10: =IF(H10="","None",_xlfn.XLOOKUP(H10,RawTable[ITEM_NO],RawTable[STOCK],"None")) -> None
I11: =IF(H11="","None",_xlfn.XLOOKUP(H11,RawTable[ITEM_NO],RawTable[STOCK],"None")) -> None
I12: =IF(H12="","None",_xlfn.XLOOKUP(H12,RawTable[ITEM_NO],RawTable[STOCK],"None")) -> None
I13: =IF(H13="","None",_xlfn.XLOOKUP(H13,RawTable[ITEM_NO],RawTable[STOCK],"None")) -> None
I14: =IF(H14="","None",_xlfn.XLOOKUP(H14,RawTable[ITEM_NO],RawTable[STOCK],"None")) -> None
I15: =IF(H15="","None",_xlfn.XLOOKUP(H15,RawTable[ITEM_NO],RawTable[STOCK],"None")) -> None
I16: =IF(H16="","None",_xlfn.XLOOKUP(H16,RawTable[ITEM_NO],RawTable[STOCK],"None")) -> None
... I220: =IF(H220="","None",_xlfn.XLOOKUP(H220,RawTable[ITEM_NO],RawTable[STOCK],"None")) -> None

Sheet LASIT
B2: LASIT Laser Marking - Part List
B3: Type | C3: Part | D3: Model | E3: Description 1 | F3: Description 2 | G3: Vendor | H3: Item No | I3: 재고 | J3: Safety Qty | K3: 사진 | L3: 비고
I4: =IF(H4="","None",_xlfn.XLOOKUP(H4,RawTable[ITEM_NO],RawTable[STOCK],"None")) -> None
D5: POWER SUPPLY K30061A | E5: Laser Source - Power Supply | H5: 6276087 | I5: =IF(H5="","None",_xlfn.XLOOKUP(H5,RawTable[ITEM_NO],RawTable[STOCK],"None")) -> 0
B6: Elec | D6: SWITCH DWL-L | F6: Laser Marking Controller On/Off Switch | I6: =IF(H6="","None",_xlfn.XLOOKUP(H6,RawTable[ITEM_NO],RawTable[STOCK],"None")) -> None
I7: =IF(H7="","None",_xlfn.XLOOKUP(H7,RawTable[ITEM_NO],RawTable[STOCK],"None")) -> None
I8: =IF(H8="","None",_xlfn.XLOOKUP(H8,RawTable[ITEM_NO],RawTable[STOCK],"None")) -> None
I9: =IF(H9="","None",_xlfn.XLOOKUP(H9,RawTable[ITEM_NO],RawTable[STOCK],"None")) -> None
I10: =IF(H10="","None",_xlfn.XLOOKUP(H10,RawTable[ITEM_NO],RawTable[STOCK],"None")) -> None
I11: =IF(H11="","None",_xlfn.XLOOKUP(H11,RawTable[ITEM_NO],RawTable[STOCK],"None")) -> None
I12: =IF(H12="","None",_xlfn.XLOOKUP(H12,RawTable[ITEM_NO],RawTable[STOCK],"None")) -> None
I13: =IF(H13="","None",_xlfn.XLOOKUP(H13,RawTable[ITEM_NO],RawTable[STOCK],"None")) -> None
I14: =IF(H14="","None",_xlfn.XLOOKUP(H14,RawTable[ITEM_NO],RawTable[STOCK],"None")) -> None
I15: =IF(H15="","None",_xlfn.XLOOKUP(H15,RawTable[ITEM_NO],RawTable[STOCK],"None")) -> None
I16: =IF(H16="","None",_xlfn.XLOOKUP(H16,RawTable[ITEM_NO],RawTable[STOCK],"None")) -> None
I17: =IF(H17="","None",_xlfn.XLOOKUP(H17,RawTable[ITEM_NO],RawTable[STOCK],"None")) -> None
I18: =IF(H18="","None",_xlfn.XLOOKUP(H18,RawTable[ITEM_NO],RawTable[STOCK],"None")) -> None
... I220: =IF(H220="","None",_xlfn.XLOOKUP(H220,RawTable[ITEM_NO],RawTable[STOCK],"None")) -> None

Sheet MP1200
B2: MP1200 - Part List (가공 미쓰비시 와이어 방전기)
B3: Type | C3: Part | D3: Model | E3: Description 1 | F3: Description 2 | G3: Vendor | H3: Item No | I3: 재고 | J3: Safety Qty | K3: 사진 | L3: 비고
B4: Elec | C4: Servo Drive | D4: MDS-DJ-V2-3030 | E4: X and Y 앰프 | H4: 6294866 | I4: =IF(H4="","None",_xlfn.XLOOKUP(H4,RawTable[ITEM_NO],RawTable[STOCK],"None")) -> 1
B5: Elec | C5: Servo Drive | D5: MDS-DJ-V1-10 | E5: U or V 앰프 | H5: 6294867 | I5: =IF(H5="","None",_xlfn.XLOOKUP(H5,RawTable[ITEM_NO],RawTable[STOCK],"None")) -> 1
B6: Elec | C6: Servo Drive | D6: MDS-DJ-V1-15 | E6: Z 앰프 | H6: 6296377 | I6: =IF(H6="","None",_xlfn.XLOOKUP(H6,RawTable[ITEM_NO],RawTable[STOCK],"None")) -> 1
B7: Elec | C7: Servo Drive | D7: MDS-DJ-V1-30 | E7: B 앰프 | H7: 6296378 | I7: =IF(H7="","None",_xlfn.XLOOKUP(H7,RawTable[ITEM_NO],RawTable[STOCK],"None")) -> 1
B8: Elec | C8: Linear Scale | D8: AT1343-400-S | E8: X축 리니어 | H8: 6294868 | I8: =IF(H8="","None",_xlfn.XLOOKUP(H8,RawTable[ITEM_NO],RawTable[STOCK],"None")) -> 1
B9: Elec | C9: Linear Scale Cable | D9: 06AGX595G | E9: X, Y 축 리니어 케이블 | H9: 6294869 | I9: =IF(H9="","None",_xlfn.XLOOKUP(H9,RawTable[ITEM_NO],RawTable[STOCK],"None")) -> 1
B10: Elec | C10: Linear Scale | D10: AT1343-300-S | E10: Y축 리니어 | H10: 6294870 | I10: =IF(H10="","None",_xlfn.XLOOKUP(H10,RawTable[ITEM_NO],RawTable[STOCK],"None")) -> 1
B11: Elec | C11: Linear Scale | D11: AT1343-150-S | E11: U, V 축 리니어 | H11: 6294871 | I11: =IF(H11="","None",_xlfn.XLOOKUP(H11,RawTable[ITEM_NO],RawTable[STOCK],"None")) -> 1
B12: Elec | C12: Linear Scale Cable | D12: 06AGX595A | E12: U, V 축 리니어 케이블 | H12: 6294872 | I12: =IF(H12="","None",_xlfn.XLOOKUP(H12,RawTable[ITEM_NO],RawTable[STOCK],"None")) -> 1
I13: =IF(H13="","None",_xlfn.XLOOKUP(H13,RawTable[ITEM_NO],RawTable[STOCK],"None")) -> None
I14: =IF(H14="","None",_xlfn.XLOOKUP(H14,RawTable[ITEM_NO],RawTable[STOCK],"None")) -> None
I15: =IF(H15="","None",_xlfn.XLOOKUP(H15,RawTable[ITEM_NO],RawTable[STOCK],"None")) -> None
I16: =IF(H16="","None",_xlfn.XLOOKUP(H16,RawTable[ITEM_NO],RawTable[STOCK],"None")) -> None
I17: =IF(H17="","None",_xlfn.XLOOKUP(H17,RawTable[ITEM_NO],RawTable[STOCK],"None")) -> None
I18: =IF(H18="","None",_xlfn.XLOOKUP(H18,RawTable[ITEM_NO],RawTable[STOCK],"None")) -> None
I19: =IF(H19="","None",_xlfn.XLOOKUP(H19,RawTable[ITEM_NO],RawTable[STOCK],"None")) -> None
I20: =IF(H20="","None",_xlfn.XLOOKUP(H20,RawTable[ITEM_NO],RawTable[STOCK],"None")) -> None
I21: =IF(H21="","None",_xlfn.XLOOKUP(H21,RawTable[ITEM_NO],RawTable[STOCK],"None")) -> None
I22: =IF(H22="","None",_xlfn.XLOOKUP(H22,RawTable[ITEM_NO],RawTable[STOCK],"None")) -> None
I23: =IF(H23="","None",_xlfn.XLOOKUP(H23,RawTable[ITEM_NO],RawTable[STOCK],"None")) -> None
I24: =IF(H24="","None",_xlfn.XLOOKUP(H24,RawTable[ITEM_NO],RawTable[STOCK],"None")) -> None
... I220: =IF(H220="","None",_xlfn.XLOOKUP(H220,RawTable[ITEM_NO],RawTable[STOCK],"None")) -> None

Sheet Mazak Inte200
B2: Mazak Integrex 200 - Part List
B3: Type | C3: Part | D3: Model | E3: Description 1 | F3: Description 2 | G3: Vendor | H3: Item No | I3: 재고 | J3: Safety Qty | K3: 사진 | L3: 비고
B4: Mech | C4: Wiper | D4: WIPER 23735062470 | G4: YAMAZAKI MAZAK | H4: 6175199 | I4: =IF(H4="","None",_xlfn.XLOOKUP(H4,RawTable[ITEM_NO],RawTable[STOCK],"None")) -> 0
B5: Elec | C5: Sol Valve | D5: V/V(SOL) SA-G01-A3X-D2-30 | G5: DAEWON TRADING | H5: 6114210 | I5: =IF(H5="","None",_xlfn.XLOOKUP(H5,RawTable[ITEM_NO],RawTable[STOCK],"None")) -> 0
B6: Elec | C6: Sol Valve | D6: V/V(SOL) SA-G01-C6-D2-30 | G6: DAEWON TRADING | H6: 6114213 | I6: =IF(H6="","None",_xlfn.XLOOKUP(H6,RawTable[ITEM_NO],RawTable[STOCK],"None")) -> 0
B7: Elec | C7: Sol Valve | D7: V/V(SOL) SA-G01-H3X-D2-30 | G7: DAEWON TRADING | H7: 6114214 | I7: =IF(H7="","None",_xlfn.XLOOKUP(H7,RawTable[ITEM_NO],RawTable[STOCK],"None")) -> 0
B8: Elec | C8: Sol Valve | D8: SOL V/V SA-G01-C5-D2-30 | G8: DAEWON TRADING | H8: 6186941 | I8: =IF(H8="","None",_xlfn.XLOOKUP(H8,RawTable[ITEM_NO],RawTable[STOCK],"None")) -> 0 | J8: 2
B9: Elec | C9: Servo Motor | D9: SERVO MOTOR 004411 / HC-H203S-A47 MITSUBISHI | E9: 하부 터렛 Servo motor | H9: 6259951 | I9: =IF(H9="","None",_xlfn.XLOOKUP(H9,RawTable[ITEM_NO],RawTable[STOCK],"None")) -> 0 | J9: 3
B10: Elec | C10: Servo Drive | D10: SERVO AMP MR-J2-100CT | G10: YAMAZAKI MAZAK | H10: 6151420 | I10: =IF(H10="","None",_xlfn.XLOOKUP(H10,RawTable[ITEM_NO],RawTable[STOCK],"None")) -> 0 | J10: 1
B11: Elec | C11: Servo Drive | D11: SERVO AMP 020342 | G11: MITSUBISHIKOREA | H11: 6251940 | I11: =IF(H11="","None",_xlfn.XLOOKUP(H11,RawTable[ITEM_NO],RawTable[STOCK],"None")) -> 2 | J11: 1
B12: Elec | C12: Servo Drive | D12: MDS-CH-V2-4520-N | E12: X, B-axis | F12: 51381 | G12: MITSUBISHIKOREA | H12: 6270427 | I12: =IF(H12="","None",_xlfn.XLOOKUP(H12,RawTable[ITEM_NO],RawTable[STOCK],"None")) -> 1 | J12: 1
B13: Elec | C13: Servo Drive | D13: MDS-CH-V2-4535 | E13: Z, Y-axis | F13: 4427 | G13: MITSUBISHIKOREA | H13: 6271561 | I13: =IF(H13="","None",_xlfn.XLOOKUP(H13,RawTable[ITEM_NO],RawTable[STOCK],"None")) -> 1 | J13: 1
B14: Elec | C14: Sensor | D14: SENSOR BJ7M-TDT-P PNP | E14: PHOTO SENSOR | H14: 6239787 | I14: =IF(H14="","None",_xlfn.XLOOKUP(H14,RawTable[ITEM_NO],RawTable[STOCK],"None")) -> 4
B15: Mech | C15: Screw | D15: SCREW A26A06X0120 | G15: YAMAZAKI MAZAK | H15: 6257689 | I15: =IF(H15="","None",_xlfn.XLOOKUP(H15,RawTable[ITEM_NO],RawTable[STOCK],"None")) -> 0
B16: Elec | C16: Relay | D16: RELAY RUMC31BC | G16: PROTECH | H16: 6220755 | I16: =IF(H16="","None",_xlfn.XLOOKUP(H16,RawTable[ITEM_NO],RawTable[STOCK],"None")) -> 9
B17: Elec | C17: Pump | D17: PUMP MW3HP60B | G17: TUNGALOY (V) | H17: 6235976 | I17: =IF(H17="","None",_xlfn.XLOOKUP(H17,RawTable[ITEM_NO],RawTable[STOCK],"None")) -> 0
B18: Elec | C18: Pump | D18: PUMP EHM6-M07-40-027A | G18: YAMAZAKI MAZAK | H18: 6319891 | I18: =IF(H18="","None",_xlfn.XLOOKUP(H18,RawTable[ITEM_NO],RawTable[STOCK],"None")) -> 0
B19: Mech | C19: Pressure Gauge | D19: PRESSURE GAUGE R60*10MPA DREAM D-TYPE OIL | E19: pressure gauge | F19: pressure gauge | H19: 6236712 | I19: =IF(H19="","None",_xlfn.XLOOKUP(H19,RawTable[ITEM_NO],RawTable[STOCK],"None")) -> 1
B20: Elec | C20: Power Supply | D20: POWER SUPPLY | E20: ADA600F-24-F | F20: DC24V 600W COSEL | G20: PROTECH | H20: 6275488 | I20: =IF(H20="","None",_xlfn.XLOOKUP(H20,RawTable[ITEM_NO],RawTable[STOCK],"None")) -> 1
B21: Mech | C21: Plate | D21: PLATE 23735063071 | G21: YAMAZAKI MAZAK | H21: 6257688 | I21: =IF(H21="","None",_xlfn.XLOOKUP(H21,RawTable[ITEM_NO],RawTable[STOCK],"None")) -> 0
B22: Mech | C22: Linear Unit | D22: LM GUIDE F28VVA19131 | E22: LM guide W, Z-AXIS | F22: LM GUIDE | H22: 6276312 | I22: =IF(H22="","None",_xlfn.XLOOKUP(H22,RawTable[ITEM_NO],RawTable[STOCK],"None")) -> 0
B23: Mech | C23: Linear Unit | D23: LM GUIDE F28VV019081 | G23: YAMAZAKI MAZAK | H23: 6330857 | I23: =IF(H23="","None",_xlfn.XLOOKUP(H23,RawTable[ITEM_NO],RawTable[STOCK],"None")) -> 1
B24: Mech | C24: Linear Unit | D24: LM GUIDE F28VV019111 | G24: YAMAZAKI MAZAK | H24: 6330858 | I24: =IF(H24="","None",_xlfn.XLOOKUP(H24,RawTable[ITEM_NO],RawTable[STOCK],"None")) -> 1
B25: Mech | C25: Linear Unit | D25: LINEAR GUIDE 4F03040013A | G25: YAMAZAKI MAZAK | H25: 6330859 | I25: =IF(H25="","None",_xlfn.XLOOKUP(H25,RawTable[ITEM_NO],RawTable[STOCK],"None")) -> 1
B26: Elec | C26: Lamp | D26: LED LAMP 40W 60HZ | G26: JOONGANG ELEC | H26: 6164198 | I26: =IF(H26="","None",_xlfn.XLOOKUP(H26,RawTable[ITEM_NO],RawTable[STOCK],"None")) -> 5
B27: Elec | C27: Lamp | D27: LED LAMP LP72 AC220V | G27: JOONGANG ELEC | H27: 6164491 | I27: =IF(H27="","None",_xlfn.XLOOKUP(H27,RawTable[ITEM_NO],RawTable[STOCK],"None")) -> 3
B28: Elec | C28: Lamp | D28: LED LAMP LP36 AC220V | G28: JOONGANG ELEC | H28: 6178862 | I28: =IF(H28="","None",_xlfn.XLOOKUP(H28,RawTable[ITEM_NO],RawTable[STOCK],"None")) -> 2
B29: Mech | C29: Gripper | D29: GRIPPER-R 23739067210 | E29: Magazine Gripper | F29: Gripper-R | H29: 6268427 | I29: =IF(H29="","None",_xlfn.XLOOKUP(H29,RawTable[ITEM_NO],RawTable[STOCK],"None")) -> 0
B30: Mech | C30: Gripper | D30: GRIPPER-L 23739067220 | E30: Magazine Gripper | F30: GRIPPER-L | H30: 6268428 | I30: =IF(H30="","None",_xlfn.XLOOKUP(H30,RawTable[ITEM_NO],RawTable[STOCK],"None")) -> 0
B31: Mech | C31: Fitting | D31: ONE TOUCH PUT-12(SANG-A) | G31: DAEWON TRADING | H31: 1252432 | I31: =IF(H31="","None",_xlfn.XLOOKUP(H31,RawTable[ITEM_NO],RawTable[STOCK],"None")) -> 0
B32: Mech | C32: Filter | D32: FILTER(BAG) R180X800L PE | G32: DAEWON TRADING | H32: 6146581 | I32: =IF(H32="","None",_xlfn.XLOOKUP(H32,RawTable[ITEM_NO],RawTable[STOCK],"None")) -> 0
B33: Mech | C33: Filter | D33: FILTER P-G-UL-12A-50UK | G33: DAEWON TRADING | H33: 6184757 | I33: =IF(H33="","None",_xlfn.XLOOKUP(H33,RawTable[ITEM_NO],RawTable[STOCK],"None")) -> 2
B34: Mech | C34: Cylinder | D34: CYLINDER SYH-1552CC | G34: BUSUNG JONGHAP | H34: 6215242 | I34: =IF(H34="","None",_xlfn.XLOOKUP(H34,RawTable[ITEM_NO],RawTable[STOCK],"None")) -> 0
B35: Mech | C35: Cylinder | D35: CYL CHNF20DCCG33760G165 | G35: YAMAZAKI MAZAK | H35: 6310704 | I35: =IF(H35="","None",_xlfn.XLOOKUP(H35,RawTable[ITEM_NO],RawTable[STOCK],"None")) -> 1
B36: Mech | C36: Cover | D36: COVER 43733568092 | G36: YAMAZAKI MAZAK | H36: 6319914 | I36: =IF(H36="","None",_xlfn.XLOOKUP(H36,RawTable[ITEM_NO],RawTable[STOCK],"None")) -> 2
B37: Mech | C37: Belt | D37: P/M BELT 3/7M 1060JB | G37: DAEDONG JONGHAP | H37: 6186402 | I37: =IF(H37="","None",_xlfn.XLOOKUP(H37,RawTable[ITEM_NO],RawTable[STOCK],"None")) -> 1
B38: Mech | C38: Belt | D38: TIMING BELT 210L150 | E38: 하부터렛용 Timing Belt | F38: Belt | H38: 6215302 | I38: =IF(H38="","None",_xlfn.XLOOKUP(H38,RawTable[ITEM_NO],RawTable[STOCK],"None")) -> 0
B39: Mech | C39: Bearing | D39: BEARING CF6UUA | G39: BUSUNG JONGHAP | H39: 6135026 | I39: =IF(H39="","None",_xlfn.XLOOKUP(H39,RawTable[ITEM_NO],RawTable[STOCK],"None")) -> 7
B40: Mech | C40: Bearing | D40: BEARING 62/32ZZ | E40: Magazine BEARING | F40: Bearing | H40: 6263532 | I40: =IF(H40="","None",_xlfn.XLOOKUP(H40,RawTable[ITEM_NO],RawTable[STOCK],"None")) -> 1
B41: Mech | C41: Bearing | D41: BEARING 30TAB06DB/GMP4 | G41: YAMAZAKI MAZAK | H41: 6330854 | I41: =IF(H41="","None",_xlfn.XLOOKUP(H41,RawTable[ITEM_NO],RawTable[STOCK],"None")) -> 2
B42: Mech | C42: Bearing | D42: BEARING 6207ZZ FGP0/00A2A | G42: YAMAZAKI MAZAK | H42: 6330856 | I42: =IF(H42="","None",_xlfn.XLOOKUP(H42,RawTable[ITEM_NO],RawTable[STOCK],"None")) -> 0
B43: Elec | C43: Battery | D43: BAT 3.6V,AA,SHAFT LS14500 | G43: JOONGANG ELEC | H43: 1053002 | I43: =IF(H43="","None",_xlfn.XLOOKUP(H43,RawTable[ITEM_NO],RawTable[STOCK],"None")) -> 1
B44: Mech | C44: Ball screw | D44: BALL SCREW 53738400202 | G44: YAMAZAKI MAZAK | H44: 6316467 | I44: =IF(H44="","None",_xlfn.XLOOKUP(H44,RawTable[ITEM_NO],RawTable[STOCK],"None")) -> 0
B45: Mech | C45: Ball screw | D45: BALL SCREW 373-AX D36 105 | G45: YAMAZAKI MAZAK | H45: 6330853 | I45: =IF(H45="","None",_xlfn.XLOOKUP(H45,RawTable[ITEM_NO],RawTable[STOCK],"None")) -> 1
B46: Mech | C46: Ball screw | D46: BALL SCREW 373-BZ D36 620 | G46: YAMAZAKI MAZAK | H46: 6330855 | I46: =IF(H46="","None",_xlfn.XLOOKUP(H46,RawTable[ITEM_NO],RawTable[STOCK],"None")) -> 0
B47: Mech | D47: STRAINER SFT-06-150 | G47: DAEWON TRADING | H47: 6184847 | I47: =IF(H47="","None",_xlfn.XLOOKUP(H47,RawTable[ITEM_NO],RawTable[STOCK],"None")) -> 8
B48: Mech | D48: SET OF WIPER 13735062564 | G48: YAMAZAKI MAZAK | H48: 6241197 | I48: =IF(H48="","None",_xlfn.XLOOKUP(H48,RawTable[ITEM_NO],RawTable[STOCK],"None")) -> 0
B49: Mech | D49: PROTECTOR 03731690683 | G49: YAMAZAKI MAZAK | H49: 6313295 | I49: =IF(H49="","None",_xlfn.XLOOKUP(H49,RawTable[ITEM_NO],RawTable[STOCK],"None")) -> 1
B50: Mech | D50: JUNCTION 480400 | G50: YAMAZAKI MAZAK | H50: 6319915 | I50: =IF(H50="","None",_xlfn.XLOOKUP(H50,RawTable[ITEM_NO],RawTable[STOCK],"None")) -> 0
I51: =IF(H51="","None",_xlfn.XLOOKUP(H51,RawTable[ITEM_NO],RawTable[STOCK],"None")) -> None
I52: =IF(H52="","None",_xlfn.XLOOKUP(H52,RawTable[ITEM_NO],RawTable[STOCK],"None")) -> None
I53: =IF(H53="","None",_xlfn.XLOOKUP(H53,RawTable[ITEM_NO],RawTable[STOCK],"None")) -> None
I54: =IF(H54="","None",_xlfn.XLOOKUP(H54,RawTable[ITEM_NO],RawTable[STOCK],"None")) -> None
I55: =IF(H55="","None",_xlfn.XLOOKUP(H55,RawTable[ITEM_NO],RawTable[STOCK],"None")) -> None
I56: =IF(H56="","None",_xlfn.XLOOKUP(H56,RawTable[ITEM_NO],RawTable[STOCK],"None")) -> None
I57: =IF(H57="","None",_xlfn.XLOOKUP(H57,RawTable[ITEM_NO],RawTable[STOCK],"None")) -> None
I58: =IF(H58="","None",_xlfn.XLOOKUP(H58,RawTable[ITEM_NO],RawTable[STOCK],"None")) -> None
I59: =IF(H59="","None",_xlfn.XLOOKUP(H59,RawTable[ITEM_NO],RawTable[STOCK],"None")) -> None
I60: =IF(H60="","None",_xlfn.XLOOKUP(H60,RawTable[ITEM_NO],RawTable[STOCK],"None")) -> None
I61: =IF(H61="","None",_xlfn.XLOOKUP(H61,RawTable[ITEM_NO],RawTable[STOCK],"None")) -> None
I62: =IF(H62="","None",_xlfn.XLOOKUP(H62,RawTable[ITEM_NO],RawTable[STOCK],"None")) -> None
... I220: =IF(H220="","None",_xlfn.XLOOKUP(H220,RawTable[ITEM_NO],RawTable[STOCK],"None")) -> None

Sheet Mazak HQR
B2: Mazak HQR - Part List
B3: Type | C3: Part | D3: Model | E3: Description 1 | F3: Description 2 | G3: Vendor | H3: Item No | I3: 재고 | J3: Safety Qty | K3: 사진 | L3: 비고
B4: Mech | C4: Bearing | D4: BEARING 25TAC62B | E4: Mazak HQR 장비 Z축 볼스크류용 베어링 | H4: 6231674 | I4: =IF(H4="","None",_xlfn.XLOOKUP(H4,RawTable[ITEM_NO],RawTable[STOCK],"None")) -> 0
B5: Mech | C5: Bearing | D5: BEARING 6001ZZ | G5: BUSUNG JONGHAP | H5: 751199 | I5: =IF(H5="","None",_xlfn.XLOOKUP(H5,RawTable[ITEM_NO],RawTable[STOCK],"None")) -> 3
B6: Mech | C6: Belt | D6: BELT U1.4T 148W 2570L | G6: DAEDONG JONGHAP | H6: 6223639 | I6: =IF(H6="","None",_xlfn.XLOOKUP(H6,RawTable[ITEM_NO],RawTable[STOCK],"None")) -> 4
B7: Mech | C7: Belt | D7: V-BELT 3V-670 | G7: DAEDONG JONGHAP | H7: 6229402 | I7: =IF(H7="","None",_xlfn.XLOOKUP(H7,RawTable[ITEM_NO],RawTable[STOCK],"None")) -> 0
B8: Mech | C8: Belt | D8: V-BELT B-67 | G8: DAEDONG JONGHAP | H8: 952520 | I8: =IF(H8="","None",_xlfn.XLOOKUP(H8,RawTable[ITEM_NO],RawTable[STOCK],"None")) -> 1
B9: Mech | C9: Belt | D9: BELT U1.4T 148W 2570L | E9: UNLOADING CONVEYOR | H9: 6215632 | I9: =IF(H9="","None",_xlfn.XLOOKUP(H9,RawTable[ITEM_NO],RawTable[STOCK],"None")) -> 1
B10: Elec | C10: Control Panel | D10: I/O BOARD HN353 | G10: YAMAZAKI MAZAK | H10: 6224079 | I10: =IF(H10="","None",_xlfn.XLOOKUP(H10,RawTable[ITEM_NO],RawTable[STOCK],"None")) -> 0
B11: Mech | C11: Cylinder | D11: CYLINDER ACM-N LB40-S700Y | G11: DAEWON TRADING | H11: 6225005 | I11: =IF(H11="","None",_xlfn.XLOOKUP(H11,RawTable[ITEM_NO],RawTable[STOCK],"None")) -> 0
B12: Elec | C12: Fan | D12: FAN YMKME029434 | G12: YAMAZAKI MAZAK | H12: 6245514 | I12: =IF(H12="","None",_xlfn.XLOOKUP(H12,RawTable[ITEM_NO],RawTable[STOCK],"None")) -> 2
B13: Elec | C13: Hand Wheel | D13: HAND VALVE VH400-04 | G13: DAEWON TRADING | H13: 6176594 | I13: =IF(H13="","None",_xlfn.XLOOKUP(H13,RawTable[ITEM_NO],RawTable[STOCK],"None")) -> 4
B14: Elec | C14: Lamp | D14: LED LAMP LP48 DC24V | G14: JOONGANG ELEC | H14: 6138164 | I14: =IF(H14="","None",_xlfn.XLOOKUP(H14,RawTable[ITEM_NO],RawTable[STOCK],"None")) -> 3
B15: Elec | C15: Sensor | D15: SENSOR D-A73 SMC 4Y | G15: PROTECH | H15: 1052647 | I15: =IF(H15="","None",_xlfn.XLOOKUP(H15,RawTable[ITEM_NO],RawTable[STOCK],"None")) -> 6
B16: Elec | C16: Servo Drive | D16: SERVO DRIVE MDS-DH-SP-40 | E16: MILL SPINDLE | F16: Mitshbishi 400VAC | G16: MITSUBISHIKOREA | H16: 6273153 | I16: =IF(H16="","None",_xlfn.XLOOKUP(H16,RawTable[ITEM_NO],RawTable[STOCK],"None")) -> 1
B17: Elec | C17: Servo Drive | D17: SERVO DRIVE MDS-DH-SP-100 | E17: PRIMARY SPINDLE DRIVE | F17: Mitshbishi 400VAC | G17: MITSUBISHIKOREA | H17: 6273155 | I17: =IF(H17="","None",_xlfn.XLOOKUP(H17,RawTable[ITEM_NO],RawTable[STOCK],"None")) -> 1
B18: Elec | C18: Servo Drive | D18: SERVO DRIVE MR-J2S-100CT4 | E18: TURRET DRIVE | F18: Mitshbishi 400VAC | G18: MITSUBISHIKOREA | H18: 6273156 | I18: =IF(H18="","None",_xlfn.XLOOKUP(H18,RawTable[ITEM_NO],RawTable[STOCK],"None")) -> 1
B19: Elec | C19: Servo Drive | D19: SERVODRIVE MDS-DH-V2-4040 | E19: X, Z-axis Servo Drive | F19: Mitshbishi 400VAC | G19: MITSUBISHIKOREA | H19: 6272909 | I19: =IF(H19="","None",_xlfn.XLOOKUP(H19,RawTable[ITEM_NO],RawTable[STOCK],"None")) -> 1
B20: Elec | C20: Servo Drive | D20: SERVO DRIVE MDS-DH-V1-40 | E20: Y2-AXIS Servo Drive | F20: Mitshbishi 400VAC | G20: MITSUBISHIKOREA | H20: 6273152 | I20: =IF(H20="","None",_xlfn.XLOOKUP(H20,RawTable[ITEM_NO],RawTable[STOCK],"None")) -> 1
B21: Elec | C21: Servo Drive | D21: SERVO DRIVE MDS-DH-SP-80 | E21: SECONDARY SPINDLE | F21: Mitshbishi 400VAC | G21: MITSUBISHIKOREA | H21: 6273154 | I21: =IF(H21="","None",_xlfn.XLOOKUP(H21,RawTable[ITEM_NO],RawTable[STOCK],"None")) -> 1
B22: Elec | C22: Sol Valve | D22: SOL V/V SF4200-IP-SC2-CZ2 | G22: DAEWON TRADING | H22: 6249155 | I22: =IF(H22="","None",_xlfn.XLOOKUP(H22,RawTable[ITEM_NO],RawTable[STOCK],"None")) -> 1
B23: Mech | C23: Valve | D23: V/V KHV400-04 | G23: DAEWON TRADING | H23: 1251652 | I23: =IF(H23="","None",_xlfn.XLOOKUP(H23,RawTable[ITEM_NO],RawTable[STOCK],"None")) -> 0
B24: Mech | C24: Valve | D24: VALVE RDS5320-5G-02-XWL20 | G24: DAEWON TRADING | H24: 6231407 | I24: =IF(H24="","None",_xlfn.XLOOKUP(H24,RawTable[ITEM_NO],RawTable[STOCK],"None")) -> 1
B25: Elec | D25: DC12V 180A A-TYPE | G25: PROTECH | H25: 1053263 | I25: =IF(H25="","None",_xlfn.XLOOKUP(H25,RawTable[ITEM_NO],RawTable[STOCK],"None")) -> 3
B26: Mech | D26: AIR COMBINATION PC3A-03G | G26: DAEWON TRADING | H26: 6335520 | I26: =IF(H26="","None",_xlfn.XLOOKUP(H26,RawTable[ITEM_NO],RawTable[STOCK],"None")) -> 0
B27: Mech | D27: TOOL EYE ARM 1B169100150 | G27: YAMAZAKI MAZAK | H27: 6263597 | I27: =IF(H27="","None",_xlfn.XLOOKUP(H27,RawTable[ITEM_NO],RawTable[STOCK],"None")) -> 0
I28: =IF(H28="","None",_xlfn.XLOOKUP(H28,RawTable[ITEM_NO],RawTable[STOCK],"None")) -> None
I29: =IF(H29="","None",_xlfn.XLOOKUP(H29,RawTable[ITEM_NO],RawTable[STOCK],"None")) -> None
I30: =IF(H30="","None",_xlfn.XLOOKUP(H30,RawTable[ITEM_NO],RawTable[STOCK],"None")) -> None
I31: =IF(H31="","None",_xlfn.XLOOKUP(H31,RawTable[ITEM_NO],RawTable[STOCK],"None")) -> None
I32: =IF(H32="","None",_xlfn.XLOOKUP(H32,RawTable[ITEM_NO],RawTable[STOCK],"None")) -> None
I33: =IF(H33="","None",_xlfn.XLOOKUP(H33,RawTable[ITEM_NO],RawTable[STOCK],"None")) -> None
I34: =IF(H34="","None",_xlfn.XLOOKUP(H34,RawTable[ITEM_NO],RawTable[STOCK],"None")) -> None
I35: =IF(H35="","None",_xlfn.XLOOKUP(H35,RawTable[ITEM_NO],RawTable[STOCK],"None")) -> None
I36: =IF(H36="","None",_xlfn.XLOOKUP(H36,RawTable[ITEM_NO],RawTable[STOCK],"None")) -> None
I37: =IF(H37="","None",_xlfn.XLOOKUP(H37,RawTable[ITEM_NO],RawTable[STOCK],"None")) -> None
I38: =IF(H38="","None",_xlfn.XLOOKUP(H38,RawTable[ITEM_NO],RawTable[STOCK],"None")) -> None
I39: =IF(H39="","None",_xlfn.XLOOKUP(H39,RawTable[ITEM_NO],RawTable[STOCK],"None")) -> None
... I220: =IF(H220="","None",_xlfn.XLOOKUP(H220,RawTable[ITEM_NO],RawTable[STOCK],"None")) -> None

Sheet Cable
B2: Cable - Part List
B3: Type | C3: Part | D3: Model | E3: Description 1 | F3: Description 2 | G3: Vendor | H3: Item No | I3: 재고 | J3: Safety Qty | K3: sq | L3: core | M3: 길이 | N3: 사진 | O3: 비고
C4: Encoder | D4: A06B-0377-B677#7000 | F4: Encoder Cable | G4: Fanuc | H4: 6238775 | I4: =IF(H4="","None",_xlfn.XLOOKUP(H4,RawTable[ITEM_NO],RawTable[STOCK],"None")) -> 1
C5: Robot | D5: A660-2006-T914 | E5: LR Mate 200iD (Osterwalder) | F5: Robot Pendant Cable | G5: Fanuc | H5: 6342782 | I5: =IF(H5="","None",_xlfn.XLOOKUP(H5,RawTable[ITEM_NO],RawTable[STOCK],"None")) -> 2 | M5: 10m | O5: FANUC ROBOT PENDANT CABLE
C6: Robot | D6: A660-2007-T364 | F6: Pendant Cable | G6: Fanuc | H6: 6281149 | I6: =IF(H6="","None",_xlfn.XLOOKUP(H6,RawTable[ITEM_NO],RawTable[STOCK],"None")) -> 1 | O6: #L10R53C PENDANT CABLE
C7: Encoder | D7: A860-2020-T301 | E7: Gun drill Y-axis Motor Encoder Cable | F7: Encoder Cable | G7: Fanuc | H7: 6267287 | I7: =IF(H7="","None",_xlfn.XLOOKUP(H7,RawTable[ITEM_NO],RawTable[STOCK],"None")) -> 2 | M7: 12m | O7: 일자형
C8: Encoder | D8: A860-2020-T301 | E8: Gun drill Y-axis Motor Encoder Cable | F8: Encoder Cable | G8: Fanuc | H8: 6314472 | I8: =IF(H8="","None",_xlfn.XLOOKUP(H8,RawTable[ITEM_NO],RawTable[STOCK],"None")) -> 0 | M8: 8m | O8: ㄱ자형
C9: 범용 | D9: ELEC CABLE(VCTF 0.75WQ*4C | E9: ELECTRIC CABLE(VCTF) | F9: VCTF (비닐절연 케이블) | H9: 1054881 | I9: =IF(H9="","None",_xlfn.XLOOKUP(H9,RawTable[ITEM_NO],RawTable[STOCK],"None")) -> 0 | K9: 0.75 | L9: 4
C10: 범용 | D10: CABLE VCTF 0.75*2C 100M | E10: CABLE VCTF 0.75*2C 100M | F10: VCTF (비닐절연 케이블) | H10: 6322377 | I10: =IF(H10="","None",_xlfn.XLOOKUP(H10,RawTable[ITEM_NO],RawTable[STOCK],"None")) -> 1 | K10: 0.75 | L10: 2
C11: 범용 | D11: CABLE VCTF1.0SQ*4C | E11: CABLE | F11: VCTF (비닐절연 케이블) | H11: 1054922 | I11: =IF(H11="","None",_xlfn.XLOOKUP(H11,RawTable[ITEM_NO],RawTable[STOCK],"None")) -> 0 | K11: 1 | L11: 4
C12: 범용 | D12: CABLE VCTF1.0SQ*3C | E12: CABLE(COV733) | F12: VCTF (비닐절연 케이블) | H12: 6161682 | I12: =IF(H12="","None",_xlfn.XLOOKUP(H12,RawTable[ITEM_NO],RawTable[STOCK],"None")) -> 0 | K12: 1 | L12: 3
C13: 범용 | D13: CABLE 1.0SQ*2C | E13: SANGJIN VCTF | F13: VCTF (비닐절연 케이블) | H13: 6319441 | I13: =IF(H13="","None",_xlfn.XLOOKUP(H13,RawTable[ITEM_NO],RawTable[STOCK],"None")) -> 50 | K13: 1 | L13: 2
C14: 범용 | D14: CABLE VCTF 1.0 * 2C 100M | E14: CABLE VCTF 1.0 * 2C 100M | F14: VCTF (비닐절연 케이블) | H14: 6322379 | I14: =IF(H14="","None",_xlfn.XLOOKUP(H14,RawTable[ITEM_NO],RawTable[STOCK],"None")) -> 0 | K14: 1 | L14: 2
C15: 범용 | D15: CABLE VCTF 1.5SQ*2C | E15: 100M/RL SANGJIN | F15: VCTF (비닐절연 케이블) | H15: 6255575 | I15: =IF(H15="","None",_xlfn.XLOOKUP(H15,RawTable[ITEM_NO],RawTable[STOCK],"None")) -> 0 | K15: 1.5 | L15: 2
C16: 범용 | D16: CABLE VCTF 1.5SQ*3C | E16: CABLE VCTF(CLEANER) | F16: VCTF (비닐절연 케이블) | H16: 6339092 | I16: =IF(H16="","None",_xlfn.XLOOKUP(H16,RawTable[ITEM_NO],RawTable[STOCK],"None")) -> 0 | K16: 1.5 | L16: 3
C17: 범용 | D17: CABLE(ROMEX) | E17: VCTFK 2SQ*2C | F17: VCTF (비닐절연 케이블) | H17: 1054333 | I17: =IF(H17="","None",_xlfn.XLOOKUP(H17,RawTable[ITEM_NO],RawTable[STOCK],"None")) -> 0 | K17: 2 | L17: 2
C18: 범용 | D18: CABLE(VCTF) | E18: VCTF/2.5SQ*4C | F18: VCTF (비닐절연 케이블) | H18: 1054942 | I18: =IF(H18="","None",_xlfn.XLOOKUP(H18,RawTable[ITEM_NO],RawTable[STOCK],"None")) -> 0 | K18: 2.5 | L18: 4
C19: 범용 | D19: CABLE VCTF 2.5SQ*4C 100M | E19: 100M/RL | F19: VCTF (비닐절연 케이블) | H19: 6149537 | I19: =IF(H19="","None",_xlfn.XLOOKUP(H19,RawTable[ITEM_NO],RawTable[STOCK],"None")) -> 0 | K19: 2.5 | L19: 4
C20: 범용 | D20: CABLE VCTF 2.5SQ*3C | E20: CABLE(SANG JIN) | F20: VCTF (비닐절연 케이블) | H20: 6319854 | I20: =IF(H20="","None",_xlfn.XLOOKUP(H20,RawTable[ITEM_NO],RawTable[STOCK],"None")) -> 100 | K20: 2.5 | L20: 3
I21: =IF(H21="","None",_xlfn.XLOOKUP(H21,RawTable[ITEM_NO],RawTable[STOCK],"None")) -> None
I22: =IF(H22="","None",_xlfn.XLOOKUP(H22,RawTable[ITEM_NO],RawTable[STOCK],"None")) -> None
I23: =IF(H23="","None",_xlfn.XLOOKUP(H23,RawTable[ITEM_NO],RawTable[STOCK],"None")) -> None
I24: =IF(H24="","None",_xlfn.XLOOKUP(H24,RawTable[ITEM_NO],RawTable[STOCK],"None")) -> None
I25: =IF(H25="","None",_xlfn.XLOOKUP(H25,RawTable[ITEM_NO],RawTable[STOCK],"None")) -> None
I26: =IF(H26="","None",_xlfn.XLOOKUP(H26,RawTable[ITEM_NO],RawTable[STOCK],"None")) -> None
I27: =IF(H27="","None",_xlfn.XLOOKUP(H27,RawTable[ITEM_NO],RawTable[STOCK],"None")) -> None
I28: =IF(H28="","None",_xlfn.XLOOKUP(H28,RawTable[ITEM_NO],RawTable[STOCK],"None")) -> None
I29: =IF(H29="","None",_xlfn.XLOOKUP(H29,RawTable[ITEM_NO],RawTable[STOCK],"None")) -> None
I30: =IF(H30="","None",_xlfn.XLOOKUP(H30,RawTable[ITEM_NO],RawTable[STOCK],"None")) -> None
I31: =IF(H31="","None",_xlfn.XLOOKUP(H31,RawTable[ITEM_NO],RawTable[STOCK],"None")) -> None
I32: =IF(H32="","None",_xlfn.XLOOKUP(H32,RawTable[ITEM_NO],RawTable[STOCK],"None")) -> None
... I220: =IF(H220="","None",_xlfn.XLOOKUP(H220,RawTable[ITEM_NO],RawTable[STOCK],"None")) -> None

Sheet Contactor
B2: Contactor - Part List (마그네트 스위치 등)
B3: Type | C3: Part | D3: Model | E3: Description 1 | F3: Description 2 | G3: Vendor | H3: Item No | I3: 재고 | J3: Safety Qty | K3: 사진 | L3: 비고
I4: =IF(H4="","None",_xlfn.XLOOKUP(H4,RawTable[ITEM_NO],RawTable[STOCK],"None")) -> None
I5: =IF(H5="","None",_xlfn.XLOOKUP(H5,RawTable[ITEM_NO],RawTable[STOCK],"None")) -> None
I6: =IF(H6="","None",_xlfn.XLOOKUP(H6,RawTable[ITEM_NO],RawTable[STOCK],"None")) -> None
I7: =IF(H7="","None",_xlfn.XLOOKUP(H7,RawTable[ITEM_NO],RawTable[STOCK],"None")) -> None
I8: =IF(H8="","None",_xlfn.XLOOKUP(H8,RawTable[ITEM_NO],RawTable[STOCK],"None")) -> None
I9: =IF(H9="","None",_xlfn.XLOOKUP(H9,RawTable[ITEM_NO],RawTable[STOCK],"None")) -> None
I10: =IF(H10="","None",_xlfn.XLOOKUP(H10,RawTable[ITEM_NO],RawTable[STOCK],"None")) -> None
I11: =IF(H11="","None",_xlfn.XLOOKUP(H11,RawTable[ITEM_NO],RawTable[STOCK],"None")) -> None
I12: =IF(H12="","None",_xlfn.XLOOKUP(H12,RawTable[ITEM_NO],RawTable[STOCK],"None")) -> None
I13: =IF(H13="","None",_xlfn.XLOOKUP(H13,RawTable[ITEM_NO],RawTable[STOCK],"None")) -> None
I14: =IF(H14="","None",_xlfn.XLOOKUP(H14,RawTable[ITEM_NO],RawTable[STOCK],"None")) -> None
I15: =IF(H15="","None",_xlfn.XLOOKUP(H15,RawTable[ITEM_NO],RawTable[STOCK],"None")) -> None
... I220: =IF(H220="","None",_xlfn.XLOOKUP(H220,RawTable[ITEM_NO],RawTable[STOCK],"None")) -> None

Sheet UPS
B2: UPS - Part List
B3: Type | C3: Part | D3: Model | E3: Description 1 | F3: Description 2 | G3: Vendor | H3: Item No | I3: 재고 | J3: Safety Qty | K3: 사진 | L3: 비고
D4: KIN-1500AP | E4: 1.5KVA | F4: BALZERS UPS | H4: 6125589 | I4: =IF(H4="","None",_xlfn.XLOOKUP(H4,RawTable[ITEM_NO],RawTable[STOCK],"None")) -> 0
D5: KIN-3000AP | E5: 3KVA 1P | F5: BERNEX UPS | H5: 1156047 | I5: =IF(H5="","None",_xlfn.XLOOKUP(H5,RawTable[ITEM_NO],RawTable[STOCK],"None")) -> 0
D6: KIN-1000AP | E6: 1KVA | F6: CONT. FURNACE UPS | H6: 1054964 | I6: =IF(H6="","None",_xlfn.XLOOKUP(H6,RawTable[ITEM_NO],RawTable[STOCK],"None")) -> 1
D7: KIN-2200AP | E7: 2.2KVA | F7: COV UPS | H7: 1054833 | I7: =IF(H7="","None",_xlfn.XLOOKUP(H7,RawTable[ITEM_NO],RawTable[STOCK],"None")) -> 0
D8: SMC1000I-APC | E8: 1KVA | F8: S.FURNACE UPS | H8: 6236677 | I8: =IF(H8="","None",_xlfn.XLOOKUP(H8,RawTable[ITEM_NO],RawTable[STOCK],"None")) -> 0
D9: DELTA N-3K | E9: 3KVA | F9: UPS BERNEX | H9: 6320333 | I9: =IF(H9="","None",_xlfn.XLOOKUP(H9,RawTable[ITEM_NO],RawTable[STOCK],"None")) -> 1
D10: UPS SMC2000I-APC | E10: 2KVA | H10: 6236678 | I10: =IF(H10="","None",_xlfn.XLOOKUP(H10,RawTable[ITEM_NO],RawTable[STOCK],"None")) -> None
D11: UPS SMC3000I-APC | E11: 3KVA | H11: 6236679 | I11: =IF(H11="","None",_xlfn.XLOOKUP(H11,RawTable[ITEM_NO],RawTable[STOCK],"None")) -> 1
I12: =IF(H12="","None",_xlfn.XLOOKUP(H12,RawTable[ITEM_NO],RawTable[STOCK],"None")) -> None
I13: =IF(H13="","None",_xlfn.XLOOKUP(H13,RawTable[ITEM_NO],RawTable[STOCK],"None")) -> None
I14: =IF(H14="","None",_xlfn.XLOOKUP(H14,RawTable[ITEM_NO],RawTable[STOCK],"None")) -> None
I15: =IF(H15="","None",_xlfn.XLOOKUP(H15,RawTable[ITEM_NO],RawTable[STOCK],"None")) -> None
I16: =IF(H16="","None",_xlfn.XLOOKUP(H16,RawTable[ITEM_NO],RawTable[STOCK],"None")) -> None
I17: =IF(H17="","None",_xlfn.XLOOKUP(H17,RawTable[ITEM_NO],RawTable[STOCK],"None")) -> None
I18: =IF(H18="","None",_xlfn.XLOOKUP(H18,RawTable[ITEM_NO],RawTable[STOCK],"None")) -> None
I19: =IF(H19="","None",_xlfn.XLOOKUP(H19,RawTable[ITEM_NO],RawTable[STOCK],"None")) -> None
I20: =IF(H20="","None",_xlfn.XLOOKUP(H20,RawTable[ITEM_NO],RawTable[STOCK],"None")) -> None
I21: =IF(H21="","None",_xlfn.XLOOKUP(H21,RawTable[ITEM_NO],RawTable[STOCK],"None")) -> None
I22: =IF(H22="","None",_xlfn.XLOOKUP(H22,RawTable[ITEM_NO],RawTable[STOCK],"None")) -> None
I23: =IF(H23="","None",_xlfn.XLOOKUP(H23,RawTable[ITEM_NO],RawTable[STOCK],"None")) -> None
... I220: =IF(H220="","None",_xlfn.XLOOKUP(H220,RawTable[ITEM_NO],RawTable[STOCK],"None")) -> None

Sheet Sensor
B2: Sensor - Part List
B3: Type | C3: Part | D3: Model | E3: Description 1 | F3: Description 2 | G3: Vendor | H3: Item No | I3: 재고 | J3: Safety Qty | K3: 커넥터 외경 | L3: 검출거리 (mm) | M3: Wire | N3: Cable 길이 (m) | O3: Pin (개수) | P3: 출력 | Q3: 접점 | R3: 사진 | S3: 비고
D4: BES M08MI-NSC20B-BV03 | E4: 커넥터 M8, 케이블 2m, 길이 50mm | F4: M8 NPN NO 2mm | H4: 6241604 | I4: =IF(H4="","None",_xlfn.XLOOKUP(H4,RawTable[ITEM_NO],RawTable[STOCK],"None")) -> 2 | K4: M8 | L4: 2 | N4: 2 | P4: NPN | Q4: NO
D5: IM08-02BPS-VUK | E5: 커넥터 M8, 케이블 2m, 3선식 | F5: M8 PNP NO 2mm | H5: 6165844 | I5: =IF(H5="","None",_xlfn.XLOOKUP(H5,RawTable[ITEM_NO],RawTable[STOCK],"None")) -> 0 | K5: M8 | L5: 2 | M5: 3 | N5: 2 | P5: PNP | Q5: NO
D6: IPS8-S4PC60-A8 | E6: 커넥터 M8, 길이 60mm 3선식 | F6: M8 PNP NC 4mm | H6: 6231340 | I6: =IF(H6="","None",_xlfn.XLOOKUP(H6,RawTable[ITEM_NO],RawTable[STOCK],"None")) -> 2 | K6: M8 | L6: 4 | M6: 3 | P6: PNP | Q6: NC
D7: PRD08-2DN | E7: 커넥터 M8 DC 3선식 | F7: M8 NPN NO 2mm | H7: 6223145 | I7: =IF(H7="","None",_xlfn.XLOOKUP(H7,RawTable[ITEM_NO],RawTable[STOCK],"None")) -> 0 | K7: M8 | L7: 2 | M7: 3 | P7: NPN | Q7: NO
D8: DW-AS-603-M8-001 | E8: 커넥터 M8 | F8: M8 PNP NO 1.5mm | H8: 6343184 | I8: =IF(H8="","None",_xlfn.XLOOKUP(H8,RawTable[ITEM_NO],RawTable[STOCK],"None")) -> 2 | K8: M8 | L8: 1.5 | P8: PNP | Q8: NO
D9: IFRM 12P1701/S35L | E9: 커넥터 M8, 센서 M12, 길이 50mm 3선식 | F9: M8 PNP NO 4mm | H9: 6247608 | I9: =IF(H9="","None",_xlfn.XLOOKUP(H9,RawTable[ITEM_NO],RawTable[STOCK],"None")) -> 2 | K9: M8 | L9: 4 | M9: 3 | P9: PNP | Q9: NO
D10: PROXIMITY SWITCH B3159 | F10: PROXIMITY SWITCH B3159 | H10: 6156874 | I10: =IF(H10="","None",_xlfn.XLOOKUP(H10,RawTable[ITEM_NO],RawTable[STOCK],"None")) -> 8
D11: D-A93L | F11: AUTO SWITCH D-A93L | H11: 6168180 | I11: =IF(H11="","None",_xlfn.XLOOKUP(H11,RawTable[ITEM_NO],RawTable[STOCK],"None")) -> 2
D12: FL7M-3J6HD-CN03 | E12: DMG Mori 선반 Clamping sensor | H12: 6289082 | I12: =IF(H12="","None",_xlfn.XLOOKUP(H12,RawTable[ITEM_NO],RawTable[STOCK],"None")) -> 2 | K12: M12 | M12: 2 | Q12: NO
D13: EZ-12M | E13: PROXIMITY SENSOR | H13: 1054040 | I13: =IF(H13="","None",_xlfn.XLOOKUP(H13,RawTable[ITEM_NO],RawTable[STOCK],"None")) -> 1
D14: E2A-S08KS02-M5-B1 | E14: PROXIMITY PNP OMRON | H14: 6338018 | I14: =IF(H14="","None",_xlfn.XLOOKUP(H14,RawTable[ITEM_NO],RawTable[STOCK],"None")) -> 2
D15: E2A-S08KS02-M5-B2 | E15: PROXIMITY SENSOR | H15: 6326644 | I15: =IF(H15="","None",_xlfn.XLOOKUP(H15,RawTable[ITEM_NO],RawTable[STOCK],"None")) -> 6
D16: E2E-CR8B1 | E16: PROXIMITY S/W PNP OMRON | H16: 6258387 | I16: =IF(H16="","None",_xlfn.XLOOKUP(H16,RawTable[ITEM_NO],RawTable[STOCK],"None")) -> None
D17: E2E-C04S12-WC-B2 | E17: SENSOR(PROXIMITY) OMRON | H17: 6162947 | I17: =IF(H17="","None",_xlfn.XLOOKUP(H17,RawTable[ITEM_NO],RawTable[STOCK],"None")) -> 2
D18: E2E-S05S12-WC-C1 | E18: OMRON | H18: 6335117 | I18: =IF(H18="","None",_xlfn.XLOOKUP(H18,RawTable[ITEM_NO],RawTable[STOCK],"None")) -> 8
D19: E2E-X1C2 2M | E19: SENSOR(OMRON) | H19: 6146893 | I19: =IF(H19="","None",_xlfn.XLOOKUP(H19,RawTable[ITEM_NO],RawTable[STOCK],"None")) -> 5
D20: E2E-X2D1-N | E20: OMRON M8 NO 2M | H20: 6245936 | I20: =IF(H20="","None",_xlfn.XLOOKUP(H20,RawTable[ITEM_NO],RawTable[STOCK],"None")) -> 5
D21: E2E-X2D2-N | E21: OMRON M8 NPN NC | H21: 6245586 | I21: =IF(H21="","None",_xlfn.XLOOKUP(H21,RawTable[ITEM_NO],RawTable[STOCK],"None")) -> 4
D22: E2E-X3D1-N | E22: OMRON M12 5M | H22: 6236976 | I22: =IF(H22="","None",_xlfn.XLOOKUP(H22,RawTable[ITEM_NO],RawTable[STOCK],"None")) -> 3
D23: E2E-X3D2-N OMRON | E23: SENSOR(PROXIMITY)M12 NC2M | H23: 6330675 | I23: =IF(H23="","None",_xlfn.XLOOKUP(H23,RawTable[ITEM_NO],RawTable[STOCK],"None")) -> 3
D24: E2E-X5MC112-M1 | E24: SENSOR(OMRON) | H24: 6276939 | I24: =IF(H24="","None",_xlfn.XLOOKUP(H24,RawTable[ITEM_NO],RawTable[STOCK],"None")) -> None
... D49: IME18-08BNSZW2K | E49: SENSOR IME18-08BNSZW2K | H49: 6243307 | I49: =IF(H49="","None",_xlfn.XLOOKUP(H49,RawTable[ITEM_NO],RawTable[STOCK],"None")) -> 2
D50: CABLE EVC142 M8 5M | E50: M8 3Pin Cable Connector | F50: IFM MOQ=5 DLM705 | H50: 6216252 | I50: =IF(H50="","None",_xlfn.XLOOKUP(H50,RawTable[ITEM_NO],RawTable[STOCK],"None")) -> 4 | K50: M8 | N50: 5m | O50: 3 | S50: Stahli DLM705 센서
D51: CABLE EVC154 4P M8 5000L | E51: M8 4Pin Cable Connector | F51: 내유성 | H51: 6330680 | I51: =IF(H51="","None",_xlfn.XLOOKUP(H51,RawTable[ITEM_NO],RawTable[STOCK],"None")) -> 3 | K51: M8 | N51: 5m | O51: 4
D52: NEBU-M8W3P-K-5-LE3 | E52: Sensor Cable | F52: LED | H52: 6260094 | I52: =IF(H52="","None",_xlfn.XLOOKUP(H52,RawTable[ITEM_NO],RawTable[STOCK],"None")) -> 2 | K52: M8 | N52: 5m | O52: 3
I53: =IF(H53="","None",_xlfn.XLOOKUP(H53,RawTable[ITEM_NO],RawTable[STOCK],"None")) -> None
I54: =IF(H54="","None",_xlfn.XLOOKUP(H54,RawTable[ITEM_NO],RawTable[STOCK],"None")) -> None
I55: =IF(H55="","None",_xlfn.XLOOKUP(H55,RawTable[ITEM_NO],RawTable[STOCK],"None")) -> None
I56: =IF(H56="","None",_xlfn.XLOOKUP(H56,RawTable[ITEM_NO],RawTable[STOCK],"None")) -> None
I57: =IF(H57="","None",_xlfn.XLOOKUP(H57,RawTable[ITEM_NO],RawTable[STOCK],"None")) -> None
I58: =IF(H58="","None",_xlfn.XLOOKUP(H58,RawTable[ITEM_NO],RawTable[STOCK],"None")) -> None
I59: =IF(H59="","None",_xlfn.XLOOKUP(H59,RawTable[ITEM_NO],RawTable[STOCK],"None")) -> None
I60: =IF(H60="","None",_xlfn.XLOOKUP(H60,RawTable[ITEM_NO],RawTable[STOCK],"None")) -> None
I61: =IF(H61="","None",_xlfn.XLOOKUP(H61,RawTable[ITEM_NO],RawTable[STOCK],"None")) -> None
I62: =IF(H62="","None",_xlfn.XLOOKUP(H62,RawTable[ITEM_NO],RawTable[STOCK],"None")) -> None
I63: =IF(H63="","None",_xlfn.XLOOKUP(H63,RawTable[ITEM_NO],RawTable[STOCK],"None")) -> None
I64: =IF(H64="","None",_xlfn.XLOOKUP(H64,RawTable[ITEM_NO],RawTable[STOCK],"None")) -> None
... I219: =IF(H219="","None",_xlfn.XLOOKUP(H219,RawTable[ITEM_NO],RawTable[STOCK],"None")) -> None

Sheet Relay
B2: Relay - Part List
B3: Type | C3: Part | D3: Model | E3: Description 1 | F3: Description 2 | G3: Vendor | H3: Item No | I3: 재고 | J3: Safety Qty | K3: 사진 | L3: 비고
I4: =IF(H4="","None",_xlfn.XLOOKUP(H4,RawTable[ITEM_NO],RawTable[STOCK],"None")) -> None
I5: =IF(H5="","None",_xlfn.XLOOKUP(H5,RawTable[ITEM_NO],RawTable[STOCK],"None")) -> None
I6: =IF(H6="","None",_xlfn.XLOOKUP(H6,RawTable[ITEM_NO],RawTable[STOCK],"None")) -> None
I7: =IF(H7="","None",_xlfn.XLOOKUP(H7,RawTable[ITEM_NO],RawTable[STOCK],"None")) -> None
I8: =IF(H8="","None",_xlfn.XLOOKUP(H8,RawTable[ITEM_NO],RawTable[STOCK],"None")) -> None
I9: =IF(H9="","None",_xlfn.XLOOKUP(H9,RawTable[ITEM_NO],RawTable[STOCK],"None")) -> None
I10: =IF(H10="","None",_xlfn.XLOOKUP(H10,RawTable[ITEM_NO],RawTable[STOCK],"None")) -> None
I11: =IF(H11="","None",_xlfn.XLOOKUP(H11,RawTable[ITEM_NO],RawTable[STOCK],"None")) -> None
I12: =IF(H12="","None",_xlfn.XLOOKUP(H12,RawTable[ITEM_NO],RawTable[STOCK],"None")) -> None
I13: =IF(H13="","None",_xlfn.XLOOKUP(H13,RawTable[ITEM_NO],RawTable[STOCK],"None")) -> None
I14: =IF(H14="","None",_xlfn.XLOOKUP(H14,RawTable[ITEM_NO],RawTable[STOCK],"None")) -> None
I15: =IF(H15="","None",_xlfn.XLOOKUP(H15,RawTable[ITEM_NO],RawTable[STOCK],"None")) -> None
... I220: =IF(H220="","None",_xlfn.XLOOKUP(H220,RawTable[ITEM_NO],RawTable[STOCK],"None")) -> None

Sheet PLC
B2: PLC - Part List
B3: Type | C3: Part | D3: Model | E3: Description 1 | F3: Description 2 | G3: Vendor | H3: Item No | I3: 재고 | J3: Safety Qty | K3: 사진 | L3: 비고
I4: =IF(H4="","None",_xlfn.XLOOKUP(H4,RawTable[ITEM_NO],RawTable[STOCK],"None")) -> None
I5: =IF(H5="","None",_xlfn.XLOOKUP(H5,RawTable[ITEM_NO],RawTable[STOCK],"None")) -> None
I6: =IF(H6="","None",_xlfn.XLOOKUP(H6,RawTable[ITEM_NO],RawTable[STOCK],"None")) -> None
I7: =IF(H7="","None",_xlfn.XLOOKUP(H7,RawTable[ITEM_NO],RawTable[STOCK],"None")) -> None
I8: =IF(H8="","None",_xlfn.XLOOKUP(H8,RawTable[ITEM_NO],RawTable[STOCK],"None")) -> None
I9: =IF(H9="","None",_xlfn.XLOOKUP(H9,RawTable[ITEM_NO],RawTable[STOCK],"None")) -> None
I10: =IF(H10="","None",_xlfn.XLOOKUP(H10,RawTable[ITEM_NO],RawTable[STOCK],"None")) -> None
I11: =IF(H11="","None",_xlfn.XLOOKUP(H11,RawTable[ITEM_NO],RawTable[STOCK],"None")) -> None
I12: =IF(H12="","None",_xlfn.XLOOKUP(H12,RawTable[ITEM_NO],RawTable[STOCK],"None")) -> None
I13: =IF(H13="","None",_xlfn.XLOOKUP(H13,RawTable[ITEM_NO],RawTable[STOCK],"None")) -> None
I14: =IF(H14="","None",_xlfn.XLOOKUP(H14,RawTable[ITEM_NO],RawTable[STOCK],"None")) -> None
I15: =IF(H15="","None",_xlfn.XLOOKUP(H15,RawTable[ITEM_NO],RawTable[STOCK],"None")) -> None
... I220: =IF(H220="","None",_xlfn.XLOOKUP(H220,RawTable[ITEM_NO],RawTable[STOCK],"None")) -> None

Sheet Power Supply
B2: Power Supply - Part List
B3: Type | C3: Part | D3: Model | E3: Description 1 | F3: Description 2 | G3: Vendor | H3: Item No | I3: 재고 | J3: Safety Qty | K3: Input (AC-V) | L3: Output (DC-V) | M3: 정격 (A) | N3: 출력 (W) | O3: 사진 | P3: 비고
D4: LRS-100-12 | H4: 6341398 | I4: =IF(H4="","None",_xlfn.XLOOKUP(H4,RawTable[ITEM_NO],RawTable[STOCK],"None")) -> 0 | K4: 220 | L4: 12 | M4: 8.5 | N4: 100
D5: A5E30947477 | F5: Siemens 범용 파워서플라이 | H5: 6226103 | I5: =IF(H5="","None",_xlfn.XLOOKUP(H5,RawTable[ITEM_NO],RawTable[STOCK],"None")) -> 12 | L5: 24 | N5: 150
D6: TRIO/1AC/24DC/10 | H6: 6123961 | I6: =IF(H6="","None",_xlfn.XLOOKUP(H6,RawTable[ITEM_NO],RawTable[STOCK],"None")) -> 3 | K6: 220 | L6: 24 | M6: 10 | N6: 240
D7: TRIO/1AC/24DC/5 | H7: 6123962 | I7: =IF(H7="","None",_xlfn.XLOOKUP(H7,RawTable[ITEM_NO],RawTable[STOCK],"None")) -> 1 | K7: 220 | L7: 24 | M7: 5 | N7: 120
I8: =IF(H8="","None",_xlfn.XLOOKUP(H8,RawTable[ITEM_NO],RawTable[STOCK],"None")) -> None
I9: =IF(H9="","None",_xlfn.XLOOKUP(H9,RawTable[ITEM_NO],RawTable[STOCK],"None")) -> None
I10: =IF(H10="","None",_xlfn.XLOOKUP(H10,RawTable[ITEM_NO],RawTable[STOCK],"None")) -> None
I11: =IF(H11="","None",_xlfn.XLOOKUP(H11,RawTable[ITEM_NO],RawTable[STOCK],"None")) -> None
I12: =IF(H12="","None",_xlfn.XLOOKUP(H12,RawTable[ITEM_NO],RawTable[STOCK],"None")) -> None
I13: =IF(H13="","None",_xlfn.XLOOKUP(H13,RawTable[ITEM_NO],RawTable[STOCK],"None")) -> None
I14: =IF(H14="","None",_xlfn.XLOOKUP(H14,RawTable[ITEM_NO],RawTable[STOCK],"None")) -> None
I15: =IF(H15="","None",_xlfn.XLOOKUP(H15,RawTable[ITEM_NO],RawTable[STOCK],"None")) -> None
I16: =IF(H16="","None",_xlfn.XLOOKUP(H16,RawTable[ITEM_NO],RawTable[STOCK],"None")) -> None
I17: =IF(H17="","None",_xlfn.XLOOKUP(H17,RawTable[ITEM_NO],RawTable[STOCK],"None")) -> None
I18: =IF(H18="","None",_xlfn.XLOOKUP(H18,RawTable[ITEM_NO],RawTable[STOCK],"None")) -> None
I19: =IF(H19="","None",_xlfn.XLOOKUP(H19,RawTable[ITEM_NO],RawTable[STOCK],"None")) -> None
... I220: =IF(H220="","None",_xlfn.XLOOKUP(H220,RawTable[ITEM_NO],RawTable[STOCK],"None")) -> None

Sheet Lamp
B2: Lamp - Part List
B3: Type | C3: Part | D3: Model | E3: Description 1 | F3: Description 2 | G3: Vendor | H3: Item No | I3: 재고 | J3: Safety Qty | K3: 사진 | L3: 비고
D4: LP12 DC24V | H4: 6165707 | I4: =IF(H4="","None",_xlfn.XLOOKUP(H4,RawTable[ITEM_NO],RawTable[STOCK],"None")) -> None
D5: LP24 AC220V | H5: 6345103 | I5: =IF(H5="","None",_xlfn.XLOOKUP(H5,RawTable[ITEM_NO],RawTable[STOCK],"None")) -> None
D6: LP24 DC24V | H6: 6165709 | I6: =IF(H6="","None",_xlfn.XLOOKUP(H6,RawTable[ITEM_NO],RawTable[STOCK],"None")) -> None
D7: LP36 AC110V | H7: 6224623 | I7: =IF(H7="","None",_xlfn.XLOOKUP(H7,RawTable[ITEM_NO],RawTable[STOCK],"None")) -> 0
D8: LP36 AC220V | H8: 6178862 | I8: =IF(H8="","None",_xlfn.XLOOKUP(H8,RawTable[ITEM_NO],RawTable[STOCK],"None")) -> 2
D9: LP36 DC24V | H9: 6177037 | I9: =IF(H9="","None",_xlfn.XLOOKUP(H9,RawTable[ITEM_NO],RawTable[STOCK],"None")) -> 3
D10: LP48 AC110V | H10: 6216256 | I10: =IF(H10="","None",_xlfn.XLOOKUP(H10,RawTable[ITEM_NO],RawTable[STOCK],"None")) -> 0
D11: LP48 AC220V | H11: 6156821 | I11: =IF(H11="","None",_xlfn.XLOOKUP(H11,RawTable[ITEM_NO],RawTable[STOCK],"None")) -> 0
D12: LP48 DC24V | H12: 6138164 | I12: =IF(H12="","None",_xlfn.XLOOKUP(H12,RawTable[ITEM_NO],RawTable[STOCK],"None")) -> 3
D13: LP60 DC24V | H13: 6300504 | I13: =IF(H13="","None",_xlfn.XLOOKUP(H13,RawTable[ITEM_NO],RawTable[STOCK],"None")) -> 2
D14: LP72 AC220V | H14: 6164491 | I14: =IF(H14="","None",_xlfn.XLOOKUP(H14,RawTable[ITEM_NO],RawTable[STOCK],"None")) -> 3
D15: LP72 DC24V | H15: 6143203 | I15: =IF(H15="","None",_xlfn.XLOOKUP(H15,RawTable[ITEM_NO],RawTable[STOCK],"None")) -> 0
... D18: LP96 DC24V | H18: 6104137 | I18: =IF(H18="","None",_xlfn.XLOOKUP(H18,RawTable[ITEM_NO],RawTable[STOCK],"None")) -> 5
D19: TOWER LAMP | E19: PLP-302-RYG | F19: MENICS AC/DC 24V | H19: 6293968 | I19: =IF(H19="","None",_xlfn.XLOOKUP(H19,RawTable[ITEM_NO],RawTable[STOCK],"None")) -> 1
I20: =IF(H20="","None",_xlfn.XLOOKUP(H20,RawTable[ITEM_NO],RawTable[STOCK],"None")) -> None
I21: =IF(H21="","None",_xlfn.XLOOKUP(H21,RawTable[ITEM_NO],RawTable[STOCK],"None")) -> None
I22: =IF(H22="","None",_xlfn.XLOOKUP(H22,RawTable[ITEM_NO],RawTable[STOCK],"None")) -> None
I23: =IF(H23="","None",_xlfn.XLOOKUP(H23,RawTable[ITEM_NO],RawTable[STOCK],"None")) -> None
I24: =IF(H24="","None",_xlfn.XLOOKUP(H24,RawTable[ITEM_NO],RawTable[STOCK],"None")) -> None
I25: =IF(H25="","None",_xlfn.XLOOKUP(H25,RawTable[ITEM_NO],RawTable[STOCK],"None")) -> None
I26: =IF(H26="","None",_xlfn.XLOOKUP(H26,RawTable[ITEM_NO],RawTable[STOCK],"None")) -> None
I27: =IF(H27="","None",_xlfn.XLOOKUP(H27,RawTable[ITEM_NO],RawTable[STOCK],"None")) -> None
I28: =IF(H28="","None",_xlfn.XLOOKUP(H28,RawTable[ITEM_NO],RawTable[STOCK],"None")) -> None
I29: =IF(H29="","None",_xlfn.XLOOKUP(H29,RawTable[ITEM_NO],RawTable[STOCK],"None")) -> None
I30: =IF(H30="","None",_xlfn.XLOOKUP(H30,RawTable[ITEM_NO],RawTable[STOCK],"None")) -> None
I31: =IF(H31="","None",_xlfn.XLOOKUP(H31,RawTable[ITEM_NO],RawTable[STOCK],"None")) -> None
... I220: =IF(H220="","None",_xlfn.XLOOKUP(H220,RawTable[ITEM_NO],RawTable[STOCK],"None")) -> None

Sheet 저장매체
B2: 저장 매체 - Part List
B3: Type | C3: Part | D3: Model | E3: Description 1 | F3: Description 2 | G3: Vendor | H3: Item No | I3: 재고 | J3: Safety Qty | K3: 사진 | L3: 비고
D4: HDD 3.5" PATA IDE 40G | E4: Rollomatic, GIG, EDM 방전기 | H4: 6264082 | I4: =IF(H4="","None",_xlfn.XLOOKUP(H4,RawTable[ITEM_NO],RawTable[STOCK],"None")) -> 1
D5: HDD 2.5" PATA IDE 40G | E5: Wendt, Hermle, AP710, AP460, Hyd. Press | H5: 6261606 | I5: =IF(H5="","None",_xlfn.XLOOKUP(H5,RawTable[ITEM_NO],RawTable[STOCK],"None")) -> 9
D6: SSD 2.5" SATA 128G | E6: Hermle, AP710, Hyd. Press, Kobayashi, Rollomatic 등 | H6: 6264083 | I6: =IF(H6="","None",_xlfn.XLOOKUP(H6,RawTable[ITEM_NO],RawTable[STOCK],"None")) -> 3
C7: HARD DISK | D7: TRANSCEND SSD | E7: SSD 128GB 2.5" PATA | F7: TRANSCEND MLC FLASH | G7: 2.5" | H7: 6341428 | I7: =IF(H7="","None",_xlfn.XLOOKUP(H7,RawTable[ITEM_NO],RawTable[STOCK],"None")) -> 2
I8: =IF(H8="","None",_xlfn.XLOOKUP(H8,RawTable[ITEM_NO],RawTable[STOCK],"None")) -> None
I9: =IF(H9="","None",_xlfn.XLOOKUP(H9,RawTable[ITEM_NO],RawTable[STOCK],"None")) -> None
I10: =IF(H10="","None",_xlfn.XLOOKUP(H10,RawTable[ITEM_NO],RawTable[STOCK],"None")) -> None
I11: =IF(H11="","None",_xlfn.XLOOKUP(H11,RawTable[ITEM_NO],RawTable[STOCK],"None")) -> None
I12: =IF(H12="","None",_xlfn.XLOOKUP(H12,RawTable[ITEM_NO],RawTable[STOCK],"None")) -> None
I13: =IF(H13="","None",_xlfn.XLOOKUP(H13,RawTable[ITEM_NO],RawTable[STOCK],"None")) -> None
I14: =IF(H14="","None",_xlfn.XLOOKUP(H14,RawTable[ITEM_NO],RawTable[STOCK],"None")) -> None
I15: =IF(H15="","None",_xlfn.XLOOKUP(H15,RawTable[ITEM_NO],RawTable[STOCK],"None")) -> None
I16: =IF(H16="","None",_xlfn.XLOOKUP(H16,RawTable[ITEM_NO],RawTable[STOCK],"None")) -> None
I17: =IF(H17="","None",_xlfn.XLOOKUP(H17,RawTable[ITEM_NO],RawTable[STOCK],"None")) -> None
I18: =IF(H18="","None",_xlfn.XLOOKUP(H18,RawTable[ITEM_NO],RawTable[STOCK],"None")) -> None
I19: =IF(H19="","None",_xlfn.XLOOKUP(H19,RawTable[ITEM_NO],RawTable[STOCK],"None")) -> None
... I220: =IF(H220="","None",_xlfn.XLOOKUP(H220,RawTable[ITEM_NO],RawTable[STOCK],"None")) -> None

Sheet Battery
B2: Battery - Part List
B3: Type | C3: Part | D3: Model | E3: Description 1 | F3: Description 2 | G3: Vendor | H3: Item No | I3: 재고 | J3: Safety Qty | K3: 전압 | L3: Pin | M3: Size | N3: 사진 | O3: 비고
D4: MN1400 DURACEL | H4: 6136538 | I4: =IF(H4="","None",_xlfn.XLOOKUP(H4,RawTable[ITEM_NO],RawTable[STOCK],"None")) -> None | K4: 1.5V | L4: - | M4: C
D5: BR-C | H5: 6303939 | I5: =IF(H5="","None",_xlfn.XLOOKUP(H5,RawTable[ITEM_NO],RawTable[STOCK],"None")) -> 0 | K5: 3V | L5: 2 | M5: C
D6: CR 1/2 AA 3V | H6: 6338874 | I6: =IF(H6="","None",_xlfn.XLOOKUP(H6,RawTable[ITEM_NO],RawTable[STOCK],"None")) -> 18 | K6: 3V | L6: 2
D7: CR17450SE/3V | H7: 6304518 | I7: =IF(H7="","None",_xlfn.XLOOKUP(H7,RawTable[ITEM_NO],RawTable[STOCK],"None")) -> 0 | K7: 3V | L7: 2
D8: CR2450HR | H8: 6338510 | I8: =IF(H8="","None",_xlfn.XLOOKUP(H8,RawTable[ITEM_NO],RawTable[STOCK],"None")) -> 4 | K8: 3V | L8: 2
D9: CR8-LHC 3V | H9: 6338511 | I9: =IF(H9="","None",_xlfn.XLOOKUP(H9,RawTable[ITEM_NO],RawTable[STOCK],"None")) -> 0 | K9: 3V | L9: 2
D10: ER-17/50 MAXWELL | H10: 6304519 | I10: =IF(H10="","None",_xlfn.XLOOKUP(H10,RawTable[ITEM_NO],RawTable[STOCK],"None")) -> 0 | K10: 3.6V | L10: 2
D11: ER17500V/3.6V | H11: 6160452 | I11: =IF(H11="","None",_xlfn.XLOOKUP(H11,RawTable[ITEM_NO],RawTable[STOCK],"None")) -> 0 | K11: 3.6V | L11: 2
D12: ER6V/3.6V | H12: 6165799 | I12: =IF(H12="","None",_xlfn.XLOOKUP(H12,RawTable[ITEM_NO],RawTable[STOCK],"None")) -> 1 | K12: 3.6V | L12: 5
D13: ER6V/3.6V (4EA) | H13: 6338564 | I13: =IF(H13="","None",_xlfn.XLOOKUP(H13,RawTable[ITEM_NO],RawTable[STOCK],"None")) -> 29 | K13: 3.6V | L13: 2*4
I14: =IF(H14="","None",_xlfn.XLOOKUP(H14,RawTable[ITEM_NO],RawTable[STOCK],"None")) -> None
I15: =IF(H15="","None",_xlfn.XLOOKUP(H15,RawTable[ITEM_NO],RawTable[STOCK],"None")) -> None
I16: =IF(H16="","None",_xlfn.XLOOKUP(H16,RawTable[ITEM_NO],RawTable[STOCK],"None")) -> None
I17: =IF(H17="","None",_xlfn.XLOOKUP(H17,RawTable[ITEM_NO],RawTable[STOCK],"None")) -> None
I18: =IF(H18="","None",_xlfn.XLOOKUP(H18,RawTable[ITEM_NO],RawTable[STOCK],"None")) -> None
I19: =IF(H19="","None",_xlfn.XLOOKUP(H19,RawTable[ITEM_NO],RawTable[STOCK],"None")) -> None
I20: =IF(H20="","None",_xlfn.XLOOKUP(H20,RawTable[ITEM_NO],RawTable[STOCK],"None")) -> None
I21: =IF(H21="","None",_xlfn.XLOOKUP(H21,RawTable[ITEM_NO],RawTable[STOCK],"None")) -> None
I22: =IF(H22="","None",_xlfn.XLOOKUP(H22,RawTable[ITEM_NO],RawTable[STOCK],"None")) -> None
I23: =IF(H23="","None",_xlfn.XLOOKUP(H23,RawTable[ITEM_NO],RawTable[STOCK],"None")) -> None
I24: =IF(H24="","None",_xlfn.XLOOKUP(H24,RawTable[ITEM_NO],RawTable[STOCK],"None")) -> None
I25: =IF(H25="","None",_xlfn.XLOOKUP(H25,RawTable[ITEM_NO],RawTable[STOCK],"None")) -> None
... I220: =IF(H220="","None",_xlfn.XLOOKUP(H220,RawTable[ITEM_NO],RawTable[STOCK],"None")) -> None

Sheet 차단기
B2: 차단기 - Part List
B3: Type | C3: Part | D3: Model | E3: Description 1 | F3: Description 2 | G3: Vendor | H3: Item No | I3: 재고 | J3: Safety Qty | K3: 극수 | L3: From (A) | M3: To (A) | O3: 사진 | P3: 비고
D4: 3RV2021-1AA10 | E4: SIEMENS 1.1~1.6A | H4: 6275477 | I4: =IF(H4="","None",_xlfn.XLOOKUP(H4,RawTable[ITEM_NO],RawTable[STOCK],"None")) -> 1 | N4: Maker
D5: 3RV2021-4AA10 | E5: 3P CIRCUIT BREAKER | H5: 6271003 | I5: =IF(H5="","None",_xlfn.XLOOKUP(H5,RawTable[ITEM_NO],RawTable[STOCK],"None")) -> 1 | N5: Siemens
D6: 3RV2011-0JA15 | E6: SIEMENS 0.7~1A | H6: 6234332 | I6: =IF(H6="","None",_xlfn.XLOOKUP(H6,RawTable[ITEM_NO],RawTable[STOCK],"None")) -> 1 | N6: Siemens
D7: 3RV2021-0GA10 | E7: SIEMENS 0.63A 250W | H7: 6220001 | I7: =IF(H7="","None",_xlfn.XLOOKUP(H7,RawTable[ITEM_NO],RawTable[STOCK],"None")) -> 1 | N7: Siemens
D8: 3RV2021-1BA10 | E8: 1.4~2A SIEMENS | H8: 6261605 | I8: =IF(H8="","None",_xlfn.XLOOKUP(H8,RawTable[ITEM_NO],RawTable[STOCK],"None")) -> 2 | N8: Siemens
D9: 3RV2021-1HA15 | E9: 5.5~8A 1NO+1NC SIEMENS | H9: 6261010 | I9: =IF(H9="","None",_xlfn.XLOOKUP(H9,RawTable[ITEM_NO],RawTable[STOCK],"None")) -> 0 | N9: Siemens
D10: 3RV1021-0HA10 | E10: SIEMENS 0.55~0.8A | H10: 6230344 | I10: =IF(H10="","None",_xlfn.XLOOKUP(H10,RawTable[ITEM_NO],RawTable[STOCK],"None")) -> 0 | N10: Siemens
D11: 3RV1041-4KA10 | E11: SIEMENS 57~75A | H11: 6230609 | I11: =IF(H11="","None",_xlfn.XLOOKUP(H11,RawTable[ITEM_NO],RawTable[STOCK],"None")) -> 1 | N11: Siemens
D12: 3RV2011-0FA10 | E12: SIEMENS 0.35~0.5A | H12: 6263127 | I12: =IF(H12="","None",_xlfn.XLOOKUP(H12,RawTable[ITEM_NO],RawTable[STOCK],"None")) -> 2 | N12: Siemens
D13: 3RV2011-1DA10 | E13: SIEMENS 2.2~3.2A | H13: 6247943 | I13: =IF(H13="","None",_xlfn.XLOOKUP(H13,RawTable[ITEM_NO],RawTable[STOCK],"None")) -> 1 | N13: Siemens
D14: 3RV2011-1EA10 | E14: 3P 2.8~4A SIEMENS | H14: 6256366 | I14: =IF(H14="","None",_xlfn.XLOOKUP(H14,RawTable[ITEM_NO],RawTable[STOCK],"None")) -> 8 | N14: Siemens
D15: 3RV1021-0JA10 | H15: 6112042 | I15: =IF(H15="","None",_xlfn.XLOOKUP(H15,RawTable[ITEM_NO],RawTable[STOCK],"None")) -> 4 | N15: Siemens
D16: 3RV1031-4EA10 | H16: 6112041 | I16: =IF(H16="","None",_xlfn.XLOOKUP(H16,RawTable[ITEM_NO],RawTable[STOCK],"None")) -> 3 | N16: Siemens
D17: GV2ME07 | E17: SCHNEIDER 1.6-2.5A | H17: 6258130 | I17: =IF(H17="","None",_xlfn.XLOOKUP(H17,RawTable[ITEM_NO],RawTable[STOCK],"None")) -> 1 | N17: Siemens
D18: GV2ME14 | E18: SCHNEIDER 6~10A 3P | H18: 6218592 | I18: =IF(H18="","None",_xlfn.XLOOKUP(H18,RawTable[ITEM_NO],RawTable[STOCK],"None")) -> 0 | L18: 1.6 | M18: 2.5 | N18: Schneider
D19: GV2ME20 | E19: 13-18A | H19: 6186586 | I19: =IF(H19="","None",_xlfn.XLOOKUP(H19,RawTable[ITEM_NO],RawTable[STOCK],"None")) -> 1 | K19: 3 | N19: Schneider
D20: GV2-ME10 | E20: CIRCUIT BRAKER 3P 4~6.3A | H20: 6274421 | I20: =IF(H20="","None",_xlfn.XLOOKUP(H20,RawTable[ITEM_NO],RawTable[STOCK],"None")) -> 3 | L20: 13 | M20: 18 | N20: Schneider
D21: GV2ME05 | E21: SCHNEIDER 0.63~1A | H21: 6276592 | I21: =IF(H21="","None",_xlfn.XLOOKUP(H21,RawTable[ITEM_NO],RawTable[STOCK],"None")) -> 0 | L21: 4 | M21: 6.3 | N21: Schneider
D22: GV2ME08 | E22: SCHNEIDER 2.5~4A | H22: 6276593 | I22: =IF(H22="","None",_xlfn.XLOOKUP(H22,RawTable[ITEM_NO],RawTable[STOCK],"None")) -> 0 | L22: 0.63 | M22: 1 | N22: Schneider
D23: GV2ME22 | E23: 3P,20~25 SCHNEIDER | H23: 6319858 | I23: =IF(H23="","None",_xlfn.XLOOKUP(H23,RawTable[ITEM_NO],RawTable[STOCK],"None")) -> 0 | L23: 2.5 | M23: 4 | N23: Schneider
D24: GV2ME32 | E24: SCHNEIDER 3P 24~32A | H24: 6232019 | I24: =IF(H24="","None",_xlfn.XLOOKUP(H24,RawTable[ITEM_NO],RawTable[STOCK],"None")) -> 0 | L24: 20 | M24: 25 | N24: Schneider
D25: A9F74103 | E25: SCHNEIDER IC60N 1P 3A | H25: 6265340 | I25: =IF(H25="","None",_xlfn.XLOOKUP(H25,RawTable[ITEM_NO],RawTable[STOCK],"None")) -> 0 | L25: 24 | M25: 32 | N25: Schneider
D26: A9F74206 | E26: SCHNEIDER IC60N 2P 6A | H26: 6265339 | I26: =IF(H26="","None",_xlfn.XLOOKUP(H26,RawTable[ITEM_NO],RawTable[STOCK],"None")) -> 0 | K26: 1 | L26: 3 | M26: 3 | N26: Schneider
D27: ABS 53C-50A-3P | E27: CIRCUIT BREAKER_LS | F27: 소화기 컨트롤러용 | H27: 6138595 | I27: =IF(H27="","None",_xlfn.XLOOKUP(H27,RawTable[ITEM_NO],RawTable[STOCK],"None")) -> 0 | K27: 2 | L27: 6 | M27: 6 | N27: Schneider
D28: ABS103C 75A LS | E28: MCCB ABS103C 75A LS | H28: 6231636 | I28: =IF(H28="","None",_xlfn.XLOOKUP(H28,RawTable[ITEM_NO],RawTable[STOCK],"None")) -> 3 | K28: 3 | L28: 50 | M28: 50 | N28: LS
D29: ABS403C 400A LS | E29: MCCB ABS403C 400A LS | H29: 6274855 | I29: =IF(H29="","None",_xlfn.XLOOKUP(H29,RawTable[ITEM_NO],RawTable[STOCK],"None")) -> 2 | L29: 75 | M29: 75 | N29: LS
D30: ABS404C 400A LS | E30: MCCB ABS404C 400A LS | H30: 6276210 | I30: =IF(H30="","None",_xlfn.XLOOKUP(H30,RawTable[ITEM_NO],RawTable[STOCK],"None")) -> None | L30: 400 | M30: 400 | N30: LS
D31: ABS52C 50AF LS | E31: 15A, 20A, 30A, 40A, 50A | H31: 6267337 | I31: =IF(H31="","None",_xlfn.XLOOKUP(H31,RawTable[ITEM_NO],RawTable[STOCK],"None")) -> None | L31: 400 | M31: 400 | N31: LS
D32: ABS803C 800A LS | E32: MCCB ABS803C 800A LS | H32: 6243913 | I32: =IF(H32="","None",_xlfn.XLOOKUP(H32,RawTable[ITEM_NO],RawTable[STOCK],"None")) -> 0 | N32: LS
D33: ABE32B 10A | H33: 1054406 | I33: =IF(H33="","None",_xlfn.XLOOKUP(H33,RawTable[ITEM_NO],RawTable[STOCK],"None")) -> 0 | N33: LS
D34: ABE33B 20A-3 | H34: 1054534 | I34: =IF(H34="","None",_xlfn.XLOOKUP(H34,RawTable[ITEM_NO],RawTable[STOCK],"None")) -> 1 | N34: LS
D35: ABN203C 225A | H35: 1051603 | I35: =IF(H35="","None",_xlfn.XLOOKUP(H35,RawTable[ITEM_NO],RawTable[STOCK],"None")) -> 0 | N35: LS
D36: ABS203C 125A(LS) | H36: 6147459 | I36: =IF(H36="","None",_xlfn.XLOOKUP(H36,RawTable[ITEM_NO],RawTable[STOCK],"None")) -> 0 | N36: LS
D37: ABS33B/10A | H37: 1051938 | I37: =IF(H37="","None",_xlfn.XLOOKUP(H37,RawTable[ITEM_NO],RawTable[STOCK],"None")) -> 2 | N37: LS
D38: PKZM 0-10 | E38: EATON 400VAC 4KW 6.3-10A | H38: 6215082 | I38: =IF(H38="","None",_xlfn.XLOOKUP(H38,RawTable[ITEM_NO],RawTable[STOCK],"None")) -> 3 | N38: LS
D39: PKZM0-0.63 EATON | E39: 3P 220V 0.09KW 0.63A | H39: 6223344 | I39: =IF(H39="","None",_xlfn.XLOOKUP(H39,RawTable[ITEM_NO],RawTable[STOCK],"None")) -> 2 | N39: Eaton
D40: PKZM0-20 EATON | E40: 3P 220V 5.5KW 20A | H40: 6223345 | I40: =IF(H40="","None",_xlfn.XLOOKUP(H40,RawTable[ITEM_NO],RawTable[STOCK],"None")) -> 2 | N40: Eaton
D41: PKZM0-25 EATON | E41: 3P 220V 5.5KW 25A | H41: 6223346 | I41: =IF(H41="","None",_xlfn.XLOOKUP(H41,RawTable[ITEM_NO],RawTable[STOCK],"None")) -> 0 | N41: Eaton
D42: PKZM0-4-T EATON | E42: 3P 690V 4A | H42: 6248075 | I42: =IF(H42="","None",_xlfn.XLOOKUP(H42,RawTable[ITEM_NO],RawTable[STOCK],"None")) -> 2 | N42: Eaton
D43: S402M, B50 | E43: 2P 230/400VAC 50A | H43: 6169304 | I43: =IF(H43="","None",_xlfn.XLOOKUP(H43,RawTable[ITEM_NO],RawTable[STOCK],"None")) -> 0 | N43: Eaton
D44: S402M, B63 | E44: 2P 230/400VAC 63A | H44: 6169402 | I44: =IF(H44="","None",_xlfn.XLOOKUP(H44,RawTable[ITEM_NO],RawTable[STOCK],"None")) -> 5 | N44: ABB
D45: S403M C8 | E45: 8A 3P ABB | H45: 6287394 | I45: =IF(H45="","None",_xlfn.XLOOKUP(H45,RawTable[ITEM_NO],RawTable[STOCK],"None")) -> 3 | N45: ABB
D46: SK-53 3P 20A | E46: NFB(SEOUL ELECTRIC | H46: 6272732 | I46: =IF(H46="","None",_xlfn.XLOOKUP(H46,RawTable[ITEM_NO],RawTable[STOCK],"None")) -> 3 | N46: ABB
D47: TS630N ETM33 3P | E47: MCCB-LS | H47: 6266896 | I47: =IF(H47="","None",_xlfn.XLOOKUP(H47,RawTable[ITEM_NO],RawTable[STOCK],"None")) -> 0
D48: TS630N ETS33 3P | E48: MCCB-LS | H48: 6248904 | I48: =IF(H48="","None",_xlfn.XLOOKUP(H48,RawTable[ITEM_NO],RawTable[STOCK],"None")) -> 0
D49: NF32-SVF | E49: MITSUBISHI 2P 15A | H49: 6273634 | I49: =IF(H49="","None",_xlfn.XLOOKUP(H49,RawTable[ITEM_NO],RawTable[STOCK],"None")) -> 2
D50: 6311047 | E50: 10A 3POL. C 1492-SPM3C | H50: 6230855 | I50: =IF(H50="","None",_xlfn.XLOOKUP(H50,RawTable[ITEM_NO],RawTable[STOCK],"None")) -> 4
I51: =IF(H51="","None",_xlfn.XLOOKUP(H51,RawTable[ITEM_NO],RawTable[STOCK],"None")) -> None
I52: =IF(H52="","None",_xlfn.XLOOKUP(H52,RawTable[ITEM_NO],RawTable[STOCK],"None")) -> None
I53: =IF(H53="","None",_xlfn.XLOOKUP(H53,RawTable[ITEM_NO],RawTable[STOCK],"None")) -> None
I54: =IF(H54="","None",_xlfn.XLOOKUP(H54,RawTable[ITEM_NO],RawTable[STOCK],"None")) -> None
I55: =IF(H55="","None",_xlfn.XLOOKUP(H55,RawTable[ITEM_NO],RawTable[STOCK],"None")) -> None
I56: =IF(H56="","None",_xlfn.XLOOKUP(H56,RawTable[ITEM_NO],RawTable[STOCK],"None")) -> None
I57: =IF(H57="","None",_xlfn.XLOOKUP(H57,RawTable[ITEM_NO],RawTable[STOCK],"None")) -> None
I58: =IF(H58="","None",_xlfn.XLOOKUP(H58,RawTable[ITEM_NO],RawTable[STOCK],"None")) -> None
I59: =IF(H59="","None",_xlfn.XLOOKUP(H59,RawTable[ITEM_NO],RawTable[STOCK],"None")) -> None
I60: =IF(H60="","None",_xlfn.XLOOKUP(H60,RawTable[ITEM_NO],RawTable[STOCK],"None")) -> None
I61: =IF(H61="","None",_xlfn.XLOOKUP(H61,RawTable[ITEM_NO],RawTable[STOCK],"None")) -> None
I62: =IF(H62="","None",_xlfn.XLOOKUP(H62,RawTable[ITEM_NO],RawTable[STOCK],"None")) -> None
... I220: =IF(H220="","None",_xlfn.XLOOKUP(H220,RawTable[ITEM_NO],RawTable[STOCK],"None")) -> None

Sheet EOCR
B2: EOCR - Part List
B3: Type | C3: Part | D3: Model | E3: Description 1 | F3: Description 2 | G3: Vendor | H3: Item No | I3: 재고 | J3: Safety Qty | K3: 사진 | L3: 비고
I4: =IF(H4="","None",_xlfn.XLOOKUP(H4,RawTable[ITEM_NO],RawTable[STOCK],"None")) -> None
I5: =IF(H5="","None",_xlfn.XLOOKUP(H5,RawTable[ITEM_NO],RawTable[STOCK],"None")) -> None
I6: =IF(H6="","None",_xlfn.XLOOKUP(H6,RawTable[ITEM_NO],RawTable[STOCK],"None")) -> None
I7: =IF(H7="","None",_xlfn.XLOOKUP(H7,RawTable[ITEM_NO],RawTable[STOCK],"None")) -> None
I8: =IF(H8="","None",_xlfn.XLOOKUP(H8,RawTable[ITEM_NO],RawTable[STOCK],"None")) -> None
I9: =IF(H9="","None",_xlfn.XLOOKUP(H9,RawTable[ITEM_NO],RawTable[STOCK],"None")) -> None
I10: =IF(H10="","None",_xlfn.XLOOKUP(H10,RawTable[ITEM_NO],RawTable[STOCK],"None")) -> None
I11: =IF(H11="","None",_xlfn.XLOOKUP(H11,RawTable[ITEM_NO],RawTable[STOCK],"None")) -> None
I12: =IF(H12="","None",_xlfn.XLOOKUP(H12,RawTable[ITEM_NO],RawTable[STOCK],"None")) -> None
I13: =IF(H13="","None",_xlfn.XLOOKUP(H13,RawTable[ITEM_NO],RawTable[STOCK],"None")) -> None
I14: =IF(H14="","None",_xlfn.XLOOKUP(H14,RawTable[ITEM_NO],RawTable[STOCK],"None")) -> None
I15: =IF(H15="","None",_xlfn.XLOOKUP(H15,RawTable[ITEM_NO],RawTable[STOCK],"None")) -> None
... I220: =IF(H220="","None",_xlfn.XLOOKUP(H220,RawTable[ITEM_NO],RawTable[STOCK],"None")) -> None

Sheet Axial Fan
B2: Axial Fan - Part List
B3: Type | C3: Part | D3: Model | E3: Description 1 | F3: Description 2 | G3: Vendor | H3: Item No | I3: 재고 | J3: Safety Qty | K3: H | L3: D | M3: W | N3: 전원(V) | O3: 출력(W) | P3: 사진 | Q3: 비고
D4: 4715PS-12T-B30 | H4: 1052137 | I4: =IF(H4="","None",_xlfn.XLOOKUP(H4,RawTable[ITEM_NO],RawTable[STOCK],"None")) -> 5 | K4: 120 | L4: 120 | M4: 38 | N4: 110 | O4: 14
I5: =IF(H5="","None",_xlfn.XLOOKUP(H5,RawTable[ITEM_NO],RawTable[STOCK],"None")) -> None
I6: =IF(H6="","None",_xlfn.XLOOKUP(H6,RawTable[ITEM_NO],RawTable[STOCK],"None")) -> None
I7: =IF(H7="","None",_xlfn.XLOOKUP(H7,RawTable[ITEM_NO],RawTable[STOCK],"None")) -> None
I8: =IF(H8="","None",_xlfn.XLOOKUP(H8,RawTable[ITEM_NO],RawTable[STOCK],"None")) -> None
I9: =IF(H9="","None",_xlfn.XLOOKUP(H9,RawTable[ITEM_NO],RawTable[STOCK],"None")) -> None
I10: =IF(H10="","None",_xlfn.XLOOKUP(H10,RawTable[ITEM_NO],RawTable[STOCK],"None")) -> None
I11: =IF(H11="","None",_xlfn.XLOOKUP(H11,RawTable[ITEM_NO],RawTable[STOCK],"None")) -> None
I12: =IF(H12="","None",_xlfn.XLOOKUP(H12,RawTable[ITEM_NO],RawTable[STOCK],"None")) -> None
I13: =IF(H13="","None",_xlfn.XLOOKUP(H13,RawTable[ITEM_NO],RawTable[STOCK],"None")) -> None
I14: =IF(H14="","None",_xlfn.XLOOKUP(H14,RawTable[ITEM_NO],RawTable[STOCK],"None")) -> None
I15: =IF(H15="","None",_xlfn.XLOOKUP(H15,RawTable[ITEM_NO],RawTable[STOCK],"None")) -> None
I16: =IF(H16="","None",_xlfn.XLOOKUP(H16,RawTable[ITEM_NO],RawTable[STOCK],"None")) -> None
... I220: =IF(H220="","None",_xlfn.XLOOKUP(H220,RawTable[ITEM_NO],RawTable[STOCK],"None")) -> None

Sheet Robot - Yaskawa
B2: Yaskawa Robot - Part List (HP20F)
B3: Type | C3: Part | D3: Model | E3: Description 1 | F3: Description 2 | G3: Vendor | H3: Item No | I3: 재고 | J3: Safety Qty | K3: 사진 | L3: 비고
B4: Controller | C4: Power Supply | D4: POWER SUPPLY YASKAWA | E4: CONVERTER CSTR-C0B02AA | G4: MENIX INTER'L | H4: 6240148 | I4: =IF(H4="","None",_xlfn.XLOOKUP(H4,RawTable[ITEM_NO],RawTable[STOCK],"None")) -> 0
I5: =IF(H5="","None",_xlfn.XLOOKUP(H5,RawTable[ITEM_NO],RawTable[STOCK],"None")) -> None
I6: =IF(H6="","None",_xlfn.XLOOKUP(H6,RawTable[ITEM_NO],RawTable[STOCK],"None")) -> None
I7: =IF(H7="","None",_xlfn.XLOOKUP(H7,RawTable[ITEM_NO],RawTable[STOCK],"None")) -> None
I8: =IF(H8="","None",_xlfn.XLOOKUP(H8,RawTable[ITEM_NO],RawTable[STOCK],"None")) -> None
I9: =IF(H9="","None",_xlfn.XLOOKUP(H9,RawTable[ITEM_NO],RawTable[STOCK],"None")) -> None
I10: =IF(H10="","None",_xlfn.XLOOKUP(H10,RawTable[ITEM_NO],RawTable[STOCK],"None")) -> None
I11: =IF(H11="","None",_xlfn.XLOOKUP(H11,RawTable[ITEM_NO],RawTable[STOCK],"None")) -> None
I12: =IF(H12="","None",_xlfn.XLOOKUP(H12,RawTable[ITEM_NO],RawTable[STOCK],"None")) -> None
I13: =IF(H13="","None",_xlfn.XLOOKUP(H13,RawTable[ITEM_NO],RawTable[STOCK],"None")) -> None
I14: =IF(H14="","None",_xlfn.XLOOKUP(H14,RawTable[ITEM_NO],RawTable[STOCK],"None")) -> None
I15: =IF(H15="","None",_xlfn.XLOOKUP(H15,RawTable[ITEM_NO],RawTable[STOCK],"None")) -> None
I16: =IF(H16="","None",_xlfn.XLOOKUP(H16,RawTable[ITEM_NO],RawTable[STOCK],"None")) -> None
... I220: =IF(H220="","None",_xlfn.XLOOKUP(H220,RawTable[ITEM_NO],RawTable[STOCK],"None")) -> None

Sheet Robot - Yamaha
B2: Yamaha Robot - Part List (YK800XGP)
B3: Type | C3: Part | D3: Model | E3: Description 1 | F3: Description 2 | G3: Vendor | H3: Item No | I3: 재고 | J3: Safety Qty | K3: 사진 | L3: 비고
B4: Controller | C4: Servo | D4: Driver Module | E4: SR1-X-10 YC-LINK | F4: For APX-105 | G4: HANKUK JIKI | H4: 6229789 | I4: =IF(H4="","None",_xlfn.XLOOKUP(H4,RawTable[ITEM_NO],RawTable[STOCK],"None")) -> 1
B5: Controller | C5: Servo Drive | D5: PZ Axis Drive | E5: SR1-X-10 YC | F5: For APX-105 | G5: HANKUK JIKI | H5: 6229788 | I5: =IF(H5="","None",_xlfn.XLOOKUP(H5,RawTable[ITEM_NO],RawTable[STOCK],"None")) -> 1
B6: Controller | C6: Servo Drive | D6: PX Axis Drive | E6: SR1-X05-B | F6: For APX-105 | G6: HANKUK JIKI | H6: 6279676 | I6: =IF(H6="","None",_xlfn.XLOOKUP(H6,RawTable[ITEM_NO],RawTable[STOCK],"None")) -> 1
B7: Controller | C7: Cable | D7: PZ Axis Cable | E7: KX7-M4710-30 YAMAHA SR1-X ROBOT | F7: For APX-105 | G7: JOONGANG ELEC | H7: 6229743 | I7: =IF(H7="","None",_xlfn.XLOOKUP(H7,RawTable[ITEM_NO],RawTable[STOCK],"None")) -> 1
I8: =IF(H8="","None",_xlfn.XLOOKUP(H8,RawTable[ITEM_NO],RawTable[STOCK],"None")) -> None
I9: =IF(H9="","None",_xlfn.XLOOKUP(H9,RawTable[ITEM_NO],RawTable[STOCK],"None")) -> None
I10: =IF(H10="","None",_xlfn.XLOOKUP(H10,RawTable[ITEM_NO],RawTable[STOCK],"None")) -> None
I11: =IF(H11="","None",_xlfn.XLOOKUP(H11,RawTable[ITEM_NO],RawTable[STOCK],"None")) -> None
I12: =IF(H12="","None",_xlfn.XLOOKUP(H12,RawTable[ITEM_NO],RawTable[STOCK],"None")) -> None
I13: =IF(H13="","None",_xlfn.XLOOKUP(H13,RawTable[ITEM_NO],RawTable[STOCK],"None")) -> None
I14: =IF(H14="","None",_xlfn.XLOOKUP(H14,RawTable[ITEM_NO],RawTable[STOCK],"None")) -> None
I15: =IF(H15="","None",_xlfn.XLOOKUP(H15,RawTable[ITEM_NO],RawTable[STOCK],"None")) -> None
I16: =IF(H16="","None",_xlfn.XLOOKUP(H16,RawTable[ITEM_NO],RawTable[STOCK],"None")) -> None
I17: =IF(H17="","None",_xlfn.XLOOKUP(H17,RawTable[ITEM_NO],RawTable[STOCK],"None")) -> None
I18: =IF(H18="","None",_xlfn.XLOOKUP(H18,RawTable[ITEM_NO],RawTable[STOCK],"None")) -> None
I19: =IF(H19="","None",_xlfn.XLOOKUP(H19,RawTable[ITEM_NO],RawTable[STOCK],"None")) -> None
... I220: =IF(H220="","None",_xlfn.XLOOKUP(H220,RawTable[ITEM_NO],RawTable[STOCK],"None")) -> None

Sheet Robot - Toshiba (TH850A)
B2: Toshiba Robot (TH850A) - Part List
B3: Type | C3: Part | D3: Model | E3: Description 1 | F3: Description 2 | G3: Vendor | H3: Item No | I3: 재고 | J3: Safety Qty | K3: 사진 | L3: 비고
B4: Elec | C4: Control Panel | D4: I/O Cable | E4: SPIRAL CABLE 15P, 200+200 | F4: For Kobayashi, New Auto Loading | G4: PROTECH | H4: 6217651 | I4: =IF(H4="","None",_xlfn.XLOOKUP(H4,RawTable[ITEM_NO],RawTable[STOCK],"None")) -> 10
B5: Elec | C5: Power supply | D5: Joint 4 | E5: LEB100F-0524 Swithcing Power supply | F5: For Kobayashi, New Auto Loading | G5: HANS COMPUTER | H5: 6175916 | I5: =IF(H5="","None",_xlfn.XLOOKUP(H5,RawTable[ITEM_NO],RawTable[STOCK],"None")) -> 4
B6: Elec | C6: Servo Drive | D6: Joint 1 | E6: X8HW-50A | F6: For Kobayashi, New Auto Loading | G6: SUNG WON TRADIN | H6: 6187596 | I6: =IF(H6="","None",_xlfn.XLOOKUP(H6,RawTable[ITEM_NO],RawTable[STOCK],"None")) -> 3
B7: Elec | C7: Servo Drive | D7: Joint 2 | E7: X8HW-25A | F7: For Kobayashi, New Auto Loading | G7: SUNG WON TRADIN | H7: 6187597 | I7: =IF(H7="","None",_xlfn.XLOOKUP(H7,RawTable[ITEM_NO],RawTable[STOCK],"None")) -> 5
B8: Elec | C8: Servo Drive | D8: Joint 3, 4 | E8: X8HRB-20A | F8: For Kobayashi, New Auto Loading | G8: SUNG WON TRADIN | H8: 6197848 | I8: =IF(H8="","None",_xlfn.XLOOKUP(H8,RawTable[ITEM_NO],RawTable[STOCK],"None")) -> 5
B9: Elec | C9: Servo Motor | D9: Joint 1,2 | E9: MSMD09SS2U | F9: For Kobayashi, New Auto Loading | G9: SUNG WON TRADIN | H9: 6319660 | I9: =IF(H9="","None",_xlfn.XLOOKUP(H9,RawTable[ITEM_NO],RawTable[STOCK],"None")) -> 1
B10: Elec | C10: Servo Motor | D10: Joint 3 | E10: MSMD062S2V | F10: For Kobayashi, New Auto Loading | G10: SUNG WON TRADIN | H10: 6197847 | I10: =IF(H10="","None",_xlfn.XLOOKUP(H10,RawTable[ITEM_NO],RawTable[STOCK],"None")) -> 1
B11: Elec | C11: Servo Motor | D11: Joint 4 | E11: MSMD082S1D | F11: For Kobayashi, New Auto Loading | G11: SUNG WON TRADIN | H11: 6312118 | I11: =IF(H11="","None",_xlfn.XLOOKUP(H11,RawTable[ITEM_NO],RawTable[STOCK],"None")) -> 1
B12: Mech | C12: Ball Screw | D12: Joint 4 | E12: Spline H846545 Ball screw | F12: For Kobayashi, New Auto Loading | G12: SUNG WON TRADIN | H12: 6116725 | I12: =IF(H12="","None",_xlfn.XLOOKUP(H12,RawTable[ITEM_NO],RawTable[STOCK],"None")) -> 1
B13: Mech | C13: Belt | D13: Joint 3 | E13: S816785 Timing Belt | F13: For Kobayashi, New Auto Loading | G13: SUNG WON TRADIN | H13: 6341923 | I13: =IF(H13="","None",_xlfn.XLOOKUP(H13,RawTable[ITEM_NO],RawTable[STOCK],"None")) -> 1
B14: Mech | C14: Belt | D14: Joint 4 | E14: S816786 Timing Belt | F14: For Kobayashi, New Auto Loading | G14: SUNG WON TRADIN | H14: 6341924 | I14: =IF(H14="","None",_xlfn.XLOOKUP(H14,RawTable[ITEM_NO],RawTable[STOCK],"None")) -> 2
B15: Mech | C15: Pulley | D15: Joint 3 | E15: M209023 Pulley | F15: For Kobayashi, New Auto Loading | G15: SUNG WON TRADIN | H15: 6341922 | I15: =IF(H15="","None",_xlfn.XLOOKUP(H15,RawTable[ITEM_NO],RawTable[STOCK],"None")) -> 1
B16: Mech | C16: Pulley | D16: Joint 4 | E16: M209020 Pulley | F16: For Kobayashi, New Auto Loading | G16: SUNG WON TRADIN | H16: 6341921 | I16: =IF(H16="","None",_xlfn.XLOOKUP(H16,RawTable[ITEM_NO],RawTable[STOCK],"None")) -> 1
I17: =IF(H17="","None",_xlfn.XLOOKUP(H17,RawTable[ITEM_NO],RawTable[STOCK],"None")) -> None
I18: =IF(H18="","None",_xlfn.XLOOKUP(H18,RawTable[ITEM_NO],RawTable[STOCK],"None")) -> None
I19: =IF(H19="","None",_xlfn.XLOOKUP(H19,RawTable[ITEM_NO],RawTable[STOCK],"None")) -> None
I20: =IF(H20="","None",_xlfn.XLOOKUP(H20,RawTable[ITEM_NO],RawTable[STOCK],"None")) -> None
I21: =IF(H21="","None",_xlfn.XLOOKUP(H21,RawTable[ITEM_NO],RawTable[STOCK],"None")) -> None
I22: =IF(H22="","None",_xlfn.XLOOKUP(H22,RawTable[ITEM_NO],RawTable[STOCK],"None")) -> None
I23: =IF(H23="","None",_xlfn.XLOOKUP(H23,RawTable[ITEM_NO],RawTable[STOCK],"None")) -> None
I24: =IF(H24="","None",_xlfn.XLOOKUP(H24,RawTable[ITEM_NO],RawTable[STOCK],"None")) -> None
I25: =IF(H25="","None",_xlfn.XLOOKUP(H25,RawTable[ITEM_NO],RawTable[STOCK],"None")) -> None
I26: =IF(H26="","None",_xlfn.XLOOKUP(H26,RawTable[ITEM_NO],RawTable[STOCK],"None")) -> None
I27: =IF(H27="","None",_xlfn.XLOOKUP(H27,RawTable[ITEM_NO],RawTable[STOCK],"None")) -> None
I28: =IF(H28="","None",_xlfn.XLOOKUP(H28,RawTable[ITEM_NO],RawTable[STOCK],"None")) -> None
... I220: =IF(H220="","None",_xlfn.XLOOKUP(H220,RawTable[ITEM_NO],RawTable[STOCK],"None")) -> None

Sheet Robot - Shafir Hermle Beckhoff
B2: Hermle Automation (Beckhoff) - Part List
B3: Type | C3: Part | D3: Model | E3: Description 1 | F3: Description 2 | G3: Vendor | H3: Item No | I3: 재고 | J3: Safety Qty | K3: 사진 | L3: 비고
B4: Controller | C4: PLC | D4: Safety Logic Card | E4: EL6900 | F4: For Hermle C30U | G4: PROTECH | H4: 6218105 | I4: =IF(H4="","None",_xlfn.XLOOKUP(H4,RawTable[ITEM_NO],RawTable[STOCK],"None")) -> 1
B5: Elec | C5: Cable | D5: 8*2*0.25 17P 15M | E5: W-axis Encoder Cable | F5: For Hermle C30U | G5: PROTECH | H5: 6337211 | I5: =IF(H5="","None",_xlfn.XLOOKUP(H5,RawTable[ITEM_NO],RawTable[STOCK],"None")) -> 1
B6: Elec | C6: Cable | D6: CF211.05.04.02 | E6: W-axis Encoder Cable | F6: For Hermle C30U | G6: JOONGANG ELEC | H6: 6235462 | I6: =IF(H6="","None",_xlfn.XLOOKUP(H6,RawTable[ITEM_NO],RawTable[STOCK],"None")) -> 1
B7: Elec | C7: Cable | D7: Encoder Cable | E7: CF211.02.08.02 | F7: For Hermle C30U | G7: JOONGANG ELEC | H7: 6235461 | I7: =IF(H7="","None",_xlfn.XLOOKUP(H7,RawTable[ITEM_NO],RawTable[STOCK],"None")) -> 0
B8: Elec | C8: Cable | D8: Power Cable | E8: CF270.UL.15.07.02.02.D | F8: For Hermle C30U | G8: JOONGANG ELEC | H8: 6235460 | I8: =IF(H8="","None",_xlfn.XLOOKUP(H8,RawTable[ITEM_NO],RawTable[STOCK],"None")) -> 1
B9: Elec | C9: CPU | D9: CPU | E9: CX5020-0122 | F9: For Hermle C30U | G9: SUNGSHIM SOFT | H9: 6314758 | I9: =IF(H9="","None",_xlfn.XLOOKUP(H9,RawTable[ITEM_NO],RawTable[STOCK],"None")) -> 1
B10: Elec | C10: PLC | D10: D/I 4CH Card | E10: EL1904 | F10: For Hermle C30U | G10: PROTECH | H10: 6218104 | I10: =IF(H10="","None",_xlfn.XLOOKUP(H10,RawTable[ITEM_NO],RawTable[STOCK],"None")) -> 2
B11: Elec | C11: PLC | D11: D/I 8CH Card | E11: EL1008 | F11: For Hermle C30U | G11: PROTECH | H11: 6218103 | I11: =IF(H11="","None",_xlfn.XLOOKUP(H11,RawTable[ITEM_NO],RawTable[STOCK],"None")) -> 4
B12: Elec | C12: PLC | D12: D/O 4CH Card | E12: EL2904 | F12: For Hermle C30U | G12: PROTECH | H12: 6218107 | I12: =IF(H12="","None",_xlfn.XLOOKUP(H12,RawTable[ITEM_NO],RawTable[STOCK],"None")) -> 2
B13: Elec | C13: PLC | D13: D/O 8CH Card | E13: EL2008 | F13: For Hermle C30U | G13: PROTECH | H13: 6339592 | I13: =IF(H13="","None",_xlfn.XLOOKUP(H13,RawTable[ITEM_NO],RawTable[STOCK],"None")) -> 1
B14: Elec | C14: Servo Drive | D14: AX5103-0000-0000 | E14: Z-Axis | F14: For Hermle C30U | G14: PROTECH | H14: 6306281 | I14: =IF(H14="","None",_xlfn.XLOOKUP(H14,RawTable[ITEM_NO],RawTable[STOCK],"None")) -> 1
B15: Elec | C15: Servo Drive | D15: AX5206-0000-0000 | E15: X, W-Axis | F15: For Hermle C30U | G15: PROTECH | H15: 6306280 | I15: =IF(H15="","None",_xlfn.XLOOKUP(H15,RawTable[ITEM_NO],RawTable[STOCK],"None")) -> 1
... B18: Elec | C18: Servo Motor | D18: AM3052-0H40-0000 | E18: W-axis | F18: For Hermle C30U | G18: AGENTUR | H18: 6183553 | I18: =IF(H18="","None",_xlfn.XLOOKUP(H18,RawTable[ITEM_NO],RawTable[STOCK],"None")) -> 2
I19: =IF(H19="","None",_xlfn.XLOOKUP(H19,RawTable[ITEM_NO],RawTable[STOCK],"None")) -> None
I20: =IF(H20="","None",_xlfn.XLOOKUP(H20,RawTable[ITEM_NO],RawTable[STOCK],"None")) -> None
I21: =IF(H21="","None",_xlfn.XLOOKUP(H21,RawTable[ITEM_NO],RawTable[STOCK],"None")) -> None
I22: =IF(H22="","None",_xlfn.XLOOKUP(H22,RawTable[ITEM_NO],RawTable[STOCK],"None")) -> None
I23: =IF(H23="","None",_xlfn.XLOOKUP(H23,RawTable[ITEM_NO],RawTable[STOCK],"None")) -> None
I24: =IF(H24="","None",_xlfn.XLOOKUP(H24,RawTable[ITEM_NO],RawTable[STOCK],"None")) -> None
I25: =IF(H25="","None",_xlfn.XLOOKUP(H25,RawTable[ITEM_NO],RawTable[STOCK],"None")) -> None
I26: =IF(H26="","None",_xlfn.XLOOKUP(H26,RawTable[ITEM_NO],RawTable[STOCK],"None")) -> None
I27: =IF(H27="","None",_xlfn.XLOOKUP(H27,RawTable[ITEM_NO],RawTable[STOCK],"None")) -> None
I28: =IF(H28="","None",_xlfn.XLOOKUP(H28,RawTable[ITEM_NO],RawTable[STOCK],"None")) -> None
I29: =IF(H29="","None",_xlfn.XLOOKUP(H29,RawTable[ITEM_NO],RawTable[STOCK],"None")) -> None
I30: =IF(H30="","None",_xlfn.XLOOKUP(H30,RawTable[ITEM_NO],RawTable[STOCK],"None")) -> None
... I220: =IF(H220="","None",_xlfn.XLOOKUP(H220,RawTable[ITEM_NO],RawTable[STOCK],"None")) -> None

Sheet Robot - Shafir Hermle Siemens
B2: Hermle Automation (Siemens) - Part List
B3: Type | C3: Part | D3: Model | E3: Description 1 | F3: Description 2 | G3: Vendor | H3: Item No | I3: 재고 | J3: Safety Qty | K3: 사진 | L3: 비고
B4: Elec | C4: Servo Drive | D4: S60300-PB 3A Servostar | E4: Z-Axis | F4: For Hermle C30U | G4: PROTECH | H4: 1054696 | I4: =IF(H4="","None",_xlfn.XLOOKUP(H4,RawTable[ITEM_NO],RawTable[STOCK],"None")) -> None
B5: Elec | C5: Servo Drive | D5: S60600-PB 6A Servostar 신품 | E5: X, W-Axis | F5: For Hermle C30U | G5: ISCAR LTD. | H5: 1054695 | I5: =IF(H5="","None",_xlfn.XLOOKUP(H5,RawTable[ITEM_NO],RawTable[STOCK],"None")) -> 0
B6: Elec | C6: Servo Drive | D6: S60600-PB 6A Servostar 중고 | E6: X, W-Axis | F6: For Hermle C30U | G6: PROTECH | H6: 6339090 | I6: =IF(H6="","None",_xlfn.XLOOKUP(H6,RawTable[ITEM_NO],RawTable[STOCK],"None")) -> 5
B7: Elec | C7: CPU | D7: CPU | E7: VIPA 315-2AG23 | F7: For Hermle C30U | G7: AGENTUR | H7: 6334707 | I7: =IF(H7="","None",_xlfn.XLOOKUP(H7,RawTable[ITEM_NO],RawTable[STOCK],"None")) -> 0
I8: =IF(H8="","None",_xlfn.XLOOKUP(H8,RawTable[ITEM_NO],RawTable[STOCK],"None")) -> None
I9: =IF(H9="","None",_xlfn.XLOOKUP(H9,RawTable[ITEM_NO],RawTable[STOCK],"None")) -> None
I10: =IF(H10="","None",_xlfn.XLOOKUP(H10,RawTable[ITEM_NO],RawTable[STOCK],"None")) -> None
I11: =IF(H11="","None",_xlfn.XLOOKUP(H11,RawTable[ITEM_NO],RawTable[STOCK],"None")) -> None
I12: =IF(H12="","None",_xlfn.XLOOKUP(H12,RawTable[ITEM_NO],RawTable[STOCK],"None")) -> None
I13: =IF(H13="","None",_xlfn.XLOOKUP(H13,RawTable[ITEM_NO],RawTable[STOCK],"None")) -> None
I14: =IF(H14="","None",_xlfn.XLOOKUP(H14,RawTable[ITEM_NO],RawTable[STOCK],"None")) -> None
I15: =IF(H15="","None",_xlfn.XLOOKUP(H15,RawTable[ITEM_NO],RawTable[STOCK],"None")) -> None
I16: =IF(H16="","None",_xlfn.XLOOKUP(H16,RawTable[ITEM_NO],RawTable[STOCK],"None")) -> None
I17: =IF(H17="","None",_xlfn.XLOOKUP(H17,RawTable[ITEM_NO],RawTable[STOCK],"None")) -> None
I18: =IF(H18="","None",_xlfn.XLOOKUP(H18,RawTable[ITEM_NO],RawTable[STOCK],"None")) -> None
I19: =IF(H19="","None",_xlfn.XLOOKUP(H19,RawTable[ITEM_NO],RawTable[STOCK],"None")) -> None
... I220: =IF(H220="","None",_xlfn.XLOOKUP(H220,RawTable[ITEM_NO],RawTable[STOCK],"None")) -> None

Sheet Sheet1

Sheet Robot - Manz
B2: MANZ Robot - Part List (SR5580)
B3: Type | C3: Part | D3: Model | E3: Description 1 | F3: Description 2 | G3: Vendor | H3: Item No | I3: 재고 | J3: Safety Qty | K3: 사진 | L3: 비고
